id,recency,log_history,mens,womens,newbie,urban,treatment,visit,true_tau
0,12.0,5.397096589914132,0.0,1.0,0.0,0.0,control,1,0.0
1,8.0,5.282061580074831,1.0,0.0,0.0,0.0,control,1,0.0
2,9.0,3.3704258969750875,0.0,0.0,1.0,0.0,womens_offer,0,0.0
3,11.0,2.9890093410518985,0.0,0.0,0.0,0.0,womens_offer,0,0.0
4,7.0,3.4581825102344554,1.0,1.0,0.0,0.0,mens_offer,0,0.091
5,10.0,3.5799677586459446,0.0,0.0,0.0,0.0,mens_offer,0,0.0
6,11.0,2.647780826717398,0.0,0.0,1.0,0.0,mens_offer,0,0.0
7,3.0,4.045702819277673,1.0,0.0,1.0,1.0,womens_offer,0,0.0
8,1.0,2.9041904472404845,0.0,0.0,1.0,0.0,control,0,0.0
9,4.0,2.963659485646004,1.0,0.0,1.0,0.0,control,0,0.0
10,4.0,4.832494308394079,1.0,1.0,1.0,0.0,womens_offer,1,0.0
11,11.0,3.4184418387481266,0.0,0.0,0.0,1.0,womens_offer,0,0.0
12,11.0,3.955020117291315,1.0,0.0,0.0,0.0,mens_offer,0,-0.04
13,1.0,4.576530570473844,0.0,1.0,1.0,0.0,mens_offer,0,0.26
14,6.0,4.74067278787092,1.0,1.0,1.0,0.0,control,0,0.26
15,10.0,3.721184916024011,0.0,1.0,1.0,1.0,womens_offer,0,0.26
16,2.0,4.057155250100886,0.0,0.0,1.0,0.0,womens_offer,0,0.0
17,10.0,3.2949105810137524,1.0,0.0,1.0,1.0,womens_offer,0,-0.04
18,2.0,5.576434950902192,0.0,0.0,0.0,0.0,control,1,0.0
19,6.0,4.595107335155527,1.0,1.0,0.0,1.0,mens_offer,1,0.091
20,10.0,3.0553367065565005,0.0,0.0,0.0,1.0,control,0,0.0
21,4.0,4.021736528814275,1.0,0.0,0.0,1.0,control,1,0.0
22,5.0,4.651786891229689,0.0,1.0,1.0,0.0,control,0,0.26
23,4.0,4.443296646848616,1.0,1.0,0.0,0.0,control,0,0.091
24,9.0,5.649777609131657,1.0,0.0,0.0,1.0,mens_offer,0,0.0
25,4.0,5.240399426974164,1.0,0.0,0.0,1.0,womens_offer,0,0.0
26,12.0,3.5439489673190776,0.0,1.0,0.0,0.0,control,0,0.091
27,6.0,3.939389481929495,0.0,0.0,0.0,1.0,control,0,0.0
28,6.0,2.903031440530775,0.0,1.0,1.0,1.0,control,0,0.26
29,7.0,4.239034198795597,1.0,0.0,1.0,0.0,womens_offer,0,0.0
30,7.0,4.151780458364938,0.0,1.0,1.0,0.0,womens_offer,0,0.26
31,7.0,6.434740690262973,1.0,0.0,0.0,0.0,mens_offer,1,0.0
32,7.0,4.104454239412924,1.0,1.0,0.0,1.0,womens_offer,0,0.091
33,12.0,2.2298513849510386,1.0,1.0,1.0,1.0,womens_offer,0,-0.04
34,10.0,3.4281085368026063,0.0,0.0,0.0,0.0,womens_offer,0,0.0
35,10.0,4.117532981859746,0.0,1.0,0.0,1.0,mens_offer,0,0.091
36,9.0,2.9247582708101207,1.0,0.0,1.0,0.0,womens_offer,0,-0.04
37,8.0,3.2587092950344303,1.0,0.0,1.0,0.0,womens_offer,0,0.0
38,5.0,3.696062087168932,0.0,1.0,0.0,1.0,control,0,0.091
39,12.0,4.3210060364998615,0.0,1.0,0.0,0.0,mens_offer,0,0.091
40,6.0,3.87222384797842,0.0,0.0,0.0,0.0,control,0,0.0
41,3.0,3.2396562078169855,1.0,1.0,0.0,0.0,control,0,0.091
42,11.0,4.717887292448059,1.0,1.0,0.0,0.0,mens_offer,0,-0.04
43,2.0,3.5436596848264816,0.0,1.0,1.0,0.0,womens_offer,1,0.26
44,11.0,3.578924498289268,1.0,1.0,0.0,0.0,control,0,-0.04
45,8.0,2.819783568778376,1.0,1.0,1.0,0.0,mens_offer,0,0.26
46,2.0,3.329069767280002,1.0,1.0,1.0,0.0,control,0,0.26
47,1.0,4.596730387071818,0.0,1.0,0.0,0.0,control,0,0.091
48,6.0,2.619721317154633,0.0,1.0,0.0,0.0,control,0,0.091
49,1.0,3.9552827272829907,0.0,0.0,1.0,0.0,mens_offer,0,0.0
50,2.0,4.655507110871127,1.0,1.0,1.0,0.0,mens_offer,0,0.26
51,7.0,3.6859941532207596,0.0,0.0,1.0,0.0,womens_offer,0,0.0
52,12.0,4.230463932344479,0.0,0.0,1.0,0.0,womens_offer,0,0.0
53,6.0,3.0437158979922025,0.0,0.0,0.0,1.0,womens_offer,0,0.0
54,10.0,5.184866538644653,1.0,0.0,1.0,0.0,control,1,0.0
55,12.0,4.997721526064454,1.0,1.0,0.0,1.0,control,1,0.0
56,10.0,4.2266579271991995,0.0,1.0,0.0,0.0,womens_offer,0,0.091
57,8.0,2.505581863336602,0.0,1.0,1.0,1.0,control,0,0.26
58,6.0,3.1045167834018175,0.0,0.0,0.0,0.0,control,0,0.0
59,7.0,4.886608354046384,0.0,1.0,1.0,1.0,womens_offer,1,0.0
60,4.0,5.545720750540914,1.0,0.0,1.0,0.0,control,1,0.0
61,6.0,4.280880901507842,1.0,0.0,1.0,0.0,mens_offer,0,0.0
62,5.0,5.128529929297325,0.0,0.0,1.0,0.0,mens_offer,0,0.0
63,3.0,3.4841740108824832,1.0,1.0,1.0,1.0,womens_offer,1,0.26
64,12.0,3.851038407732988,0.0,1.0,0.0,0.0,womens_offer,0,0.091
65,1.0,4.019164468756509,0.0,0.0,0.0,0.0,mens_offer,0,0.0
66,2.0,4.393224910895657,0.0,0.0,0.0,0.0,control,0,0.0
67,3.0,2.6940703213875876,0.0,1.0,0.0,0.0,mens_offer,0,0.091
68,12.0,4.854424506172055,1.0,0.0,0.0,1.0,control,1,0.0
69,9.0,5.1958469028759815,0.0,0.0,1.0,1.0,womens_offer,0,0.0
70,11.0,3.016357801606936,1.0,1.0,1.0,0.0,womens_offer,0,-0.04
71,3.0,2.84037312866071,1.0,0.0,0.0,0.0,control,0,0.0
72,9.0,4.328775460878031,1.0,1.0,0.0,0.0,mens_offer,0,-0.04
73,5.0,3.4435905777854146,0.0,0.0,1.0,0.0,mens_offer,0,0.0
74,6.0,2.010095762871268,0.0,1.0,0.0,1.0,control,0,0.091
75,1.0,4.7365328354267815,1.0,1.0,0.0,1.0,control,1,0.091
76,8.0,4.155831839758446,1.0,1.0,1.0,0.0,womens_offer,1,0.26
77,10.0,3.5987566103654616,1.0,1.0,1.0,1.0,womens_offer,0,-0.04
78,8.0,5.90482983207623,0.0,1.0,0.0,0.0,womens_offer,0,0.0
79,2.0,4.141047862663598,0.0,0.0,1.0,1.0,control,0,0.0
80,7.0,3.3573609158859044,1.0,0.0,0.0,0.0,mens_offer,0,0.0
81,4.0,4.107620249539695,1.0,1.0,0.0,0.0,mens_offer,1,0.091
82,12.0,3.109583294604331,0.0,0.0,0.0,0.0,womens_offer,0,0.0
83,11.0,3.3501722364413724,1.0,1.0,1.0,0.0,mens_offer,0,-0.04
84,3.0,4.3605797534055,0.0,1.0,0.0,0.0,control,1,0.091
85,7.0,3.53093624566083,1.0,1.0,0.0,0.0,womens_offer,0,0.091
86,12.0,3.621237175979602,1.0,1.0,1.0,1.0,womens_offer,0,-0.04
87,11.0,5.506120481234554,1.0,0.0,0.0,0.0,mens_offer,1,0.0
88,9.0,4.78209760691917,0.0,1.0,1.0,1.0,mens_offer,1,0.0
89,8.0,4.731396466297018,1.0,0.0,0.0,1.0,mens_offer,1,0.0
90,1.0,4.4872503485177395,1.0,1.0,0.0,0.0,mens_offer,1,0.091
91,9.0,4.447557599108315,1.0,1.0,1.0,0.0,womens_offer,1,-0.04
92,6.0,5.315851610865205,1.0,1.0,0.0,1.0,mens_offer,0,0.0
93,2.0,4.000877691362337,0.0,1.0,1.0,0.0,mens_offer,0,0.26
94,3.0,5.673404775548898,1.0,1.0,1.0,0.0,control,0,0.0
95,7.0,3.1859559550564525,1.0,0.0,1.0,0.0,mens_offer,0,0.0
96,9.0,3.7932459598348847,1.0,1.0,0.0,0.0,control,0,-0.04
97,7.0,2.820676681107677,1.0,0.0,1.0,0.0,womens_offer,0,0.0
98,8.0,3.715254861263782,0.0,1.0,1.0,1.0,womens_offer,0,0.26
99,11.0,4.4780190464409495,1.0,0.0,1.0,0.0,mens_offer,0,-0.04
100,9.0,5.311071062184441,1.0,1.0,1.0,0.0,womens_offer,1,0.0
101,5.0,3.435736772205974,0.0,1.0,1.0,1.0,womens_offer,0,0.26
102,8.0,4.022838288488507,0.0,1.0,0.0,1.0,womens_offer,1,0.091
103,8.0,3.701701821704834,0.0,0.0,1.0,0.0,mens_offer,0,0.0
104,2.0,3.370246164822479,0.0,0.0,1.0,0.0,womens_offer,0,0.0
105,1.0,2.9816010930455334,1.0,1.0,1.0,0.0,womens_offer,0,0.26
106,8.0,4.071788885571324,0.0,0.0,0.0,1.0,mens_offer,0,0.0
107,5.0,2.524619604908377,0.0,1.0,0.0,0.0,mens_offer,0,0.091
108,8.0,4.115934018345408,1.0,0.0,0.0,1.0,mens_offer,1,0.0
109,4.0,4.036670629815435,0.0,0.0,0.0,0.0,womens_offer,1,0.0
110,3.0,3.4405950427359695,0.0,0.0,1.0,0.0,womens_offer,0,0.0
111,2.0,3.134675767762052,1.0,1.0,1.0,0.0,womens_offer,0,0.26
112,5.0,2.8158437510118777,0.0,0.0,1.0,1.0,control,0,0.0
113,10.0,5.687589072055287,1.0,1.0,1.0,0.0,control,0,0.0
114,5.0,2.8517052928446356,1.0,1.0,1.0,0.0,womens_offer,0,0.26
115,5.0,5.406429856388356,1.0,0.0,1.0,1.0,control,0,0.0
116,7.0,4.550763565859098,0.0,1.0,0.0,0.0,womens_offer,0,0.091
117,12.0,3.6974793948088287,0.0,1.0,0.0,1.0,mens_offer,0,0.091
118,5.0,3.0092193051174374,1.0,1.0,1.0,0.0,womens_offer,0,0.26
119,8.0,4.945385756893414,1.0,0.0,1.0,1.0,womens_offer,0,0.0
120,6.0,5.560540192517219,1.0,0.0,1.0,0.0,control,0,0.0
121,8.0,3.2009537937066495,1.0,0.0,0.0,0.0,mens_offer,0,0.0
122,6.0,3.7548123990354836,1.0,1.0,1.0,0.0,control,0,0.26
123,8.0,4.953544760657148,0.0,0.0,0.0,1.0,womens_offer,1,0.0
124,7.0,4.315652868050613,1.0,1.0,1.0,0.0,womens_offer,0,0.26
125,9.0,5.802987947538746,0.0,1.0,0.0,1.0,control,1,0.0
126,12.0,3.5170077462132765,0.0,0.0,0.0,0.0,womens_offer,0,0.0
127,2.0,4.499241770856217,1.0,1.0,0.0,1.0,mens_offer,0,0.091
128,7.0,2.929091624861474,0.0,0.0,0.0,1.0,womens_offer,0,0.0
129,6.0,5.8890759344527845,1.0,0.0,0.0,0.0,control,1,0.0
130,5.0,3.377424732854564,1.0,1.0,0.0,1.0,mens_offer,1,0.091
131,3.0,2.1382369629913316,0.0,1.0,0.0,0.0,womens_offer,1,0.091
132,1.0,3.9071154926995626,1.0,1.0,0.0,0.0,womens_offer,0,0.091
133,5.0,3.895064257488886,0.0,0.0,1.0,0.0,control,0,0.0
134,10.0,5.727275609000576,1.0,0.0,1.0,0.0,mens_offer,1,0.0
135,2.0,3.719604584090611,0.0,0.0,0.0,0.0,mens_offer,0,0.0
136,5.0,4.006976377688216,1.0,0.0,1.0,1.0,womens_offer,0,0.0
137,12.0,4.544774376117436,1.0,0.0,1.0,1.0,control,1,-0.04
138,12.0,5.432027428075487,1.0,0.0,1.0,0.0,mens_offer,0,0.0
139,3.0,3.9622959390652155,0.0,0.0,0.0,1.0,womens_offer,0,0.0
140,1.0,4.942691053582524,0.0,1.0,1.0,0.0,control,1,0.0
141,9.0,4.47770064390053,1.0,0.0,0.0,0.0,womens_offer,0,-0.04
142,1.0,3.7570184724940434,1.0,0.0,1.0,1.0,control,0,0.0
143,4.0,4.086735582148459,0.0,0.0,0.0,0.0,womens_offer,0,0.0
144,6.0,4.043498090901285,0.0,0.0,0.0,0.0,control,0,0.0
145,11.0,3.2164989802709436,1.0,1.0,1.0,1.0,mens_offer,0,-0.04
146,2.0,5.098437677660546,1.0,0.0,1.0,0.0,mens_offer,1,0.0
147,8.0,2.8147328445035473,0.0,0.0,1.0,0.0,mens_offer,0,0.0
148,7.0,5.060415157771072,1.0,0.0,0.0,1.0,mens_offer,1,0.0
149,2.0,4.866705868107432,0.0,0.0,0.0,0.0,womens_offer,0,0.0
150,11.0,3.935975473610197,1.0,1.0,1.0,1.0,mens_offer,0,-0.04
151,11.0,3.3469266090396093,0.0,1.0,0.0,0.0,womens_offer,0,0.091
152,6.0,3.818424560250364,0.0,1.0,0.0,1.0,control,0,0.091
153,12.0,4.437394398237225,0.0,1.0,0.0,0.0,mens_offer,1,0.091
154,8.0,4.678092807357996,0.0,0.0,1.0,0.0,mens_offer,0,0.0
155,11.0,4.272275289716757,1.0,1.0,0.0,1.0,control,0,-0.04
156,12.0,4.900394192986102,0.0,0.0,0.0,1.0,mens_offer,0,0.0
157,7.0,3.5281089145034317,0.0,0.0,0.0,1.0,control,0,0.0
158,4.0,4.225839640942515,1.0,1.0,1.0,0.0,womens_offer,0,0.26
159,2.0,2.660933608564375,0.0,1.0,0.0,1.0,mens_offer,0,0.091
160,7.0,4.696433678004174,1.0,1.0,0.0,1.0,control,0,0.091
161,3.0,4.153689637226793,1.0,0.0,0.0,0.0,mens_offer,0,0.0
162,10.0,3.652257925621443,1.0,1.0,1.0,1.0,womens_offer,0,-0.04
163,12.0,5.051806495724324,0.0,1.0,1.0,1.0,womens_offer,0,0.0
164,3.0,4.632154977090771,0.0,1.0,0.0,1.0,mens_offer,1,0.091
165,7.0,1.6730893667356366,0.0,1.0,0.0,0.0,control,0,0.091
166,1.0,4.053410486283347,1.0,1.0,0.0,0.0,control,0,0.091
167,3.0,2.7561242539201,0.0,0.0,0.0,0.0,womens_offer,0,0.0
168,5.0,4.966982381213813,0.0,0.0,1.0,0.0,control,0,0.0
169,11.0,6.242114972008521,0.0,1.0,1.0,0.0,womens_offer,1,0.0
170,12.0,3.562109210287662,0.0,1.0,1.0,1.0,mens_offer,0,0.26
171,8.0,4.084102851079243,1.0,1.0,0.0,1.0,control,0,0.091
172,8.0,3.796768641111586,0.0,0.0,1.0,0.0,control,0,0.0
173,7.0,4.329000157161767,0.0,1.0,0.0,1.0,womens_offer,0,0.091
174,1.0,4.5902958303427255,0.0,0.0,0.0,1.0,womens_offer,0,0.0
175,5.0,5.1642085371611754,0.0,1.0,0.0,0.0,control,0,0.0
176,12.0,3.154899392477869,0.0,1.0,0.0,0.0,womens_offer,0,0.091
177,5.0,5.418913141838935,0.0,1.0,0.0,0.0,control,0,0.0
178,3.0,3.2031213765539572,1.0,0.0,0.0,0.0,control,0,0.0
179,3.0,4.26355201087908,0.0,0.0,0.0,0.0,womens_offer,0,0.0
180,9.0,5.049154394084419,1.0,0.0,0.0,1.0,womens_offer,0,0.0
181,1.0,4.651472269500648,0.0,0.0,0.0,0.0,womens_offer,0,0.0
182,12.0,3.197025424372013,0.0,1.0,1.0,0.0,control,0,0.26
183,11.0,3.4021378812834673,0.0,1.0,1.0,0.0,womens_offer,0,0.26
184,7.0,3.6112908055776205,1.0,0.0,0.0,0.0,mens_offer,0,0.0
185,6.0,3.972944892054106,0.0,1.0,1.0,0.0,mens_offer,0,0.26
186,10.0,5.038760796990978,0.0,0.0,1.0,0.0,mens_offer,1,0.0
187,7.0,2.8942976637312223,1.0,1.0,1.0,1.0,control,0,0.26
188,6.0,4.431993377982381,0.0,0.0,0.0,0.0,control,0,0.0
189,4.0,4.559497672259256,0.0,0.0,1.0,1.0,mens_offer,0,0.0
190,6.0,4.513480601409022,0.0,1.0,0.0,1.0,mens_offer,0,0.091
191,10.0,4.431641954573548,1.0,1.0,0.0,0.0,mens_offer,0,-0.04
192,1.0,5.371145949435162,0.0,1.0,0.0,0.0,mens_offer,0,0.0
193,1.0,4.4507657609387365,1.0,1.0,0.0,0.0,mens_offer,0,0.091
194,9.0,4.779697327156283,0.0,0.0,1.0,1.0,mens_offer,0,0.0
195,5.0,4.518160863149154,1.0,0.0,0.0,1.0,mens_offer,1,0.0
196,10.0,5.617442092671493,1.0,1.0,0.0,0.0,womens_offer,1,0.0
197,1.0,2.386620422597124,1.0,0.0,0.0,1.0,control,0,0.0
198,11.0,5.159657941697049,1.0,0.0,0.0,0.0,mens_offer,0,0.0
199,2.0,3.7879739834428827,0.0,0.0,0.0,0.0,control,0,0.0
200,5.0,3.7706611477349568,0.0,0.0,1.0,0.0,womens_offer,0,0.0
201,12.0,3.170366137432602,1.0,1.0,1.0,1.0,control,0,-0.04
202,2.0,2.412077077482683,0.0,1.0,1.0,1.0,mens_offer,0,0.26
203,8.0,3.681794765504081,1.0,1.0,1.0,1.0,control,0,0.26
204,9.0,3.414869440603112,1.0,1.0,1.0,0.0,womens_offer,0,-0.04
205,6.0,4.45642816620691,1.0,1.0,1.0,0.0,control,0,0.26
206,1.0,2.7416025801954977,0.0,1.0,1.0,0.0,mens_offer,0,0.26
207,7.0,5.293488726906599,0.0,0.0,1.0,1.0,control,1,0.0
208,6.0,4.2589780761599725,1.0,0.0,1.0,0.0,mens_offer,0,0.0
209,11.0,3.799523282020886,1.0,1.0,0.0,1.0,mens_offer,0,-0.04
210,9.0,3.3956136375098755,1.0,1.0,0.0,0.0,mens_offer,0,-0.04
211,5.0,3.328036017096714,1.0,1.0,0.0,0.0,womens_offer,0,0.091
212,1.0,3.0323254862124274,1.0,1.0,0.0,0.0,womens_offer,0,0.091
213,8.0,3.5395318745578104,1.0,1.0,0.0,0.0,control,0,0.091
214,4.0,4.023497621103928,1.0,0.0,0.0,1.0,womens_offer,1,0.0
215,9.0,3.861630921985648,0.0,1.0,1.0,1.0,control,0,0.26
216,11.0,2.790327934601915,1.0,0.0,0.0,0.0,control,0,-0.04
217,5.0,3.783754229231749,0.0,0.0,1.0,0.0,control,0,0.0
218,11.0,3.2362403514987834,1.0,0.0,1.0,1.0,mens_offer,0,-0.04
219,7.0,4.159630464828469,0.0,1.0,1.0,1.0,control,0,0.26
220,7.0,5.6816006075286545,1.0,0.0,0.0,1.0,control,1,0.0
221,10.0,4.572902071746749,1.0,0.0,0.0,0.0,womens_offer,0,-0.04
222,10.0,3.7421798546016882,0.0,0.0,1.0,0.0,womens_offer,0,0.0
223,11.0,2.613691265169733,1.0,1.0,0.0,0.0,womens_offer,0,-0.04
224,12.0,2.7901282101400726,1.0,1.0,1.0,1.0,womens_offer,0,-0.04
225,2.0,2.5622195365502574,0.0,0.0,1.0,0.0,control,0,0.0
226,5.0,4.662855916720941,1.0,1.0,0.0,1.0,control,0,0.091
227,12.0,3.3472522313239095,1.0,0.0,1.0,0.0,womens_offer,0,-0.04
228,4.0,4.073504345588357,0.0,1.0,0.0,0.0,womens_offer,0,0.091
229,1.0,3.4717427637860796,1.0,1.0,0.0,0.0,womens_offer,0,0.091
230,7.0,4.0988085172186945,0.0,0.0,1.0,0.0,control,0,0.0
231,10.0,5.266683477984166,0.0,1.0,0.0,0.0,mens_offer,1,0.0
232,9.0,3.416912686112019,1.0,1.0,0.0,0.0,womens_offer,0,-0.04
233,10.0,3.7177291024809764,0.0,0.0,0.0,0.0,womens_offer,0,0.0
234,8.0,3.3114356853708364,1.0,0.0,0.0,0.0,control,0,0.0
235,2.0,4.795419310189578,0.0,1.0,0.0,0.0,womens_offer,1,0.0
236,11.0,3.1219273618122823,1.0,1.0,1.0,0.0,control,0,-0.04
237,6.0,3.029844811119231,0.0,0.0,1.0,0.0,control,0,0.0
238,11.0,2.8130046588900366,1.0,0.0,0.0,0.0,mens_offer,0,-0.04
239,10.0,2.7954093418749455,1.0,0.0,0.0,1.0,womens_offer,0,-0.04
240,12.0,4.435722141788789,0.0,0.0,1.0,1.0,womens_offer,0,0.0
241,1.0,6.314024890055268,1.0,1.0,0.0,1.0,mens_offer,0,0.0
242,11.0,3.148046256988579,1.0,1.0,1.0,1.0,womens_offer,0,-0.04
243,8.0,4.864139648431695,0.0,1.0,1.0,0.0,control,0,0.0
244,6.0,4.240501398813998,1.0,1.0,1.0,0.0,control,0,0.26
245,10.0,3.0563806205899047,1.0,1.0,0.0,0.0,womens_offer,0,-0.04
246,12.0,3.774193582560931,0.0,1.0,0.0,1.0,mens_offer,1,0.091
247,7.0,3.812710810180664,0.0,0.0,1.0,0.0,mens_offer,0,0.0
248,2.0,3.4119027353895213,0.0,0.0,0.0,0.0,control,0,0.0
249,9.0,5.740763671085359,1.0,1.0,0.0,0.0,control,1,0.0
250,3.0,2.3814601353387648,1.0,1.0,1.0,0.0,womens_offer,1,0.26
251,3.0,4.355847400440715,0.0,0.0,0.0,1.0,womens_offer,0,0.0
252,3.0,4.311871173963874,1.0,0.0,1.0,0.0,mens_offer,0,0.0
253,3.0,3.50873730053187,0.0,0.0,0.0,1.0,womens_offer,0,0.0
254,11.0,4.150435599859605,1.0,0.0,0.0,0.0,mens_offer,0,-0.04
255,5.0,4.7981238532660795,1.0,1.0,1.0,1.0,mens_offer,0,0.0
256,2.0,4.15329886908529,0.0,0.0,1.0,1.0,control,0,0.0
257,3.0,4.388094993357587,1.0,0.0,0.0,0.0,mens_offer,0,0.0
258,5.0,4.633390050607918,1.0,1.0,1.0,1.0,womens_offer,0,0.26
259,5.0,2.2791484303722545,1.0,0.0,0.0,0.0,mens_offer,1,0.0
260,4.0,5.335370084185043,0.0,0.0,0.0,1.0,control,1,0.0
261,12.0,6.052827545978375,0.0,1.0,0.0,0.0,control,1,0.0
262,11.0,4.890263403438288,1.0,1.0,0.0,0.0,womens_offer,1,0.0
263,7.0,4.919626813778024,0.0,1.0,1.0,0.0,mens_offer,0,0.0
264,12.0,2.795600771057396,1.0,0.0,0.0,0.0,womens_offer,0,-0.04
265,5.0,3.913585317143654,0.0,0.0,0.0,1.0,womens_offer,0,0.0
266,2.0,3.306493293201974,0.0,1.0,0.0,0.0,womens_offer,1,0.091
267,4.0,3.502121883683585,1.0,0.0,0.0,1.0,womens_offer,1,0.0
268,2.0,4.877974755819051,0.0,1.0,0.0,1.0,womens_offer,1,0.0
269,12.0,3.313554578379564,0.0,0.0,0.0,1.0,control,0,0.0
270,3.0,3.9032905536050655,0.0,1.0,0.0,0.0,womens_offer,0,0.091
271,6.0,2.3794508251291564,1.0,0.0,0.0,0.0,womens_offer,0,0.0
272,3.0,3.8783138194396116,1.0,0.0,0.0,1.0,control,0,0.0
273,12.0,4.097764340539418,0.0,1.0,0.0,0.0,womens_offer,1,0.091
274,2.0,3.3996439732223633,0.0,1.0,0.0,0.0,mens_offer,0,0.091
275,7.0,3.3865136341518984,0.0,1.0,0.0,1.0,mens_offer,0,0.091
276,12.0,5.701128387027478,1.0,0.0,1.0,0.0,control,1,0.0
277,7.0,2.9642103337045156,0.0,1.0,1.0,0.0,womens_offer,0,0.26
278,11.0,3.1005157962558294,1.0,1.0,0.0,1.0,control,0,-0.04
279,11.0,3.309123388765668,1.0,0.0,0.0,1.0,control,0,-0.04
280,10.0,5.085144339193611,0.0,0.0,0.0,1.0,mens_offer,0,0.0
281,9.0,5.894147527236958,1.0,0.0,0.0,1.0,mens_offer,0,0.0
282,7.0,4.312449549756236,0.0,1.0,1.0,0.0,mens_offer,0,0.26
283,7.0,3.3887474231435695,1.0,0.0,0.0,1.0,control,0,0.0
284,10.0,3.6416008405467117,0.0,1.0,1.0,0.0,control,0,0.26
285,6.0,4.965331169460199,1.0,0.0,0.0,0.0,control,0,0.0
286,12.0,3.2207815759657574,1.0,1.0,0.0,0.0,womens_offer,0,-0.04
287,11.0,5.3125932802370315,1.0,0.0,0.0,1.0,mens_offer,1,0.0
288,5.0,5.280025675782369,1.0,1.0,0.0,0.0,control,0,0.0
289,5.0,4.080235197750963,0.0,0.0,0.0,0.0,mens_offer,0,0.0
290,9.0,4.591704257032334,0.0,1.0,1.0,1.0,mens_offer,0,0.26
291,12.0,4.684055776724018,1.0,1.0,1.0,0.0,mens_offer,0,-0.04
292,2.0,5.403300964142464,1.0,1.0,1.0,1.0,control,1,0.0
293,1.0,3.0997983982941286,1.0,0.0,1.0,0.0,mens_offer,0,0.0
294,3.0,5.069390278974836,1.0,0.0,1.0,1.0,mens_offer,1,0.0
295,6.0,3.6876442972672145,0.0,1.0,0.0,1.0,control,1,0.091
296,2.0,3.3449150854735525,0.0,0.0,1.0,0.0,mens_offer,0,0.0
297,7.0,4.1089663139784065,0.0,0.0,0.0,0.0,control,0,0.0
298,7.0,3.8290597539459803,1.0,1.0,1.0,0.0,mens_offer,0,0.26
299,12.0,3.1548376626488914,1.0,1.0,0.0,1.0,womens_offer,0,-0.04
300,9.0,2.636692712281139,1.0,1.0,0.0,0.0,womens_offer,0,-0.04
301,4.0,3.193987177876474,1.0,0.0,1.0,0.0,control,0,0.0
302,10.0,5.31206543423557,0.0,1.0,1.0,0.0,womens_offer,0,0.0
303,10.0,5.769438943537321,0.0,0.0,0.0,0.0,control,1,0.0
304,9.0,4.595255785881501,0.0,0.0,0.0,0.0,control,1,0.0
305,9.0,5.073612359628947,0.0,1.0,1.0,1.0,control,1,0.0
306,4.0,3.5635962995318455,0.0,1.0,0.0,0.0,womens_offer,0,0.091
307,9.0,3.950005865241118,0.0,1.0,0.0,0.0,control,0,0.091
308,2.0,4.268588734239276,0.0,1.0,0.0,0.0,mens_offer,1,0.091
309,8.0,3.074169984923639,1.0,1.0,1.0,1.0,mens_offer,0,0.26
310,12.0,3.152725770981777,1.0,0.0,0.0,0.0,control,0,-0.04
311,12.0,4.104102129641416,1.0,1.0,0.0,0.0,womens_offer,0,-0.04
312,4.0,3.735867999849387,1.0,1.0,0.0,0.0,womens_offer,0,0.091
313,4.0,3.089397321223685,0.0,0.0,1.0,0.0,womens_offer,0,0.0
314,8.0,4.360730201758402,1.0,1.0,0.0,0.0,control,0,0.091
315,5.0,3.785996174041751,1.0,0.0,1.0,0.0,control,0,0.0
316,9.0,4.926496841614453,1.0,0.0,0.0,0.0,womens_offer,0,0.0
317,3.0,4.013570998140883,1.0,1.0,0.0,1.0,womens_offer,1,0.091
318,3.0,3.753440180490015,1.0,0.0,0.0,0.0,control,0,0.0
319,1.0,4.131101483616598,0.0,0.0,1.0,1.0,mens_offer,0,0.0
320,6.0,3.866371313962616,0.0,0.0,1.0,0.0,womens_offer,1,0.0
321,3.0,3.4316271445708417,0.0,0.0,0.0,0.0,womens_offer,0,0.0
322,4.0,3.66419826166086,1.0,0.0,0.0,0.0,control,0,0.0
323,11.0,4.683764280838268,1.0,0.0,0.0,0.0,womens_offer,0,-0.04
324,10.0,4.592048802465088,1.0,0.0,0.0,0.0,womens_offer,0,-0.04
325,11.0,5.163343996376211,0.0,0.0,0.0,1.0,control,1,0.0
326,8.0,2.5570124223061854,0.0,0.0,0.0,0.0,control,0,0.0
327,2.0,3.6719734644546946,1.0,0.0,1.0,1.0,control,0,0.0
328,9.0,3.6531335727371945,1.0,0.0,0.0,0.0,control,0,-0.04
329,8.0,4.170165553553249,0.0,0.0,0.0,1.0,control,0,0.0
330,11.0,3.6202008098951777,0.0,0.0,0.0,1.0,mens_offer,0,0.0
331,6.0,3.566788324974331,0.0,1.0,0.0,1.0,control,0,0.091
332,3.0,4.7136895337574565,1.0,1.0,1.0,1.0,mens_offer,0,0.26
333,8.0,4.175761493078495,1.0,1.0,0.0,0.0,mens_offer,0,0.091
334,6.0,3.001274810891463,0.0,1.0,1.0,0.0,mens_offer,0,0.26
335,8.0,5.206551304162996,1.0,1.0,0.0,0.0,mens_offer,0,0.0
336,5.0,4.90451747742186,0.0,0.0,0.0,1.0,control,0,0.0
337,4.0,3.5136761780776955,0.0,1.0,0.0,1.0,control,0,0.091
338,2.0,4.756782720149486,0.0,1.0,0.0,0.0,control,0,0.091
339,12.0,3.3732330121991803,1.0,1.0,0.0,1.0,mens_offer,0,-0.04
340,10.0,5.019756620810059,1.0,0.0,1.0,0.0,control,0,0.0
341,6.0,3.8259897950478443,1.0,1.0,1.0,1.0,womens_offer,1,0.26
342,3.0,3.314472313305445,1.0,1.0,1.0,1.0,mens_offer,0,0.26
343,8.0,3.6895077468681565,0.0,1.0,1.0,0.0,mens_offer,0,0.26
344,5.0,3.346591416930499,0.0,1.0,1.0,0.0,mens_offer,0,0.26
345,8.0,4.188215329522869,0.0,1.0,1.0,0.0,womens_offer,0,0.26
346,2.0,4.173118730600355,1.0,1.0,1.0,1.0,control,0,0.26
347,3.0,4.049802108338516,0.0,0.0,1.0,1.0,womens_offer,0,0.0
348,9.0,3.5288244910951083,0.0,1.0,0.0,0.0,mens_offer,0,0.091
349,1.0,1.10654740754305,1.0,0.0,0.0,1.0,womens_offer,0,0.0
350,9.0,4.100259224473446,1.0,0.0,1.0,0.0,womens_offer,0,-0.04
351,5.0,2.3895387459554236,1.0,1.0,0.0,0.0,womens_offer,0,0.091
352,1.0,4.234364521956982,0.0,1.0,0.0,0.0,control,0,0.091
353,10.0,5.024312191655306,0.0,0.0,0.0,0.0,mens_offer,1,0.0
354,9.0,4.260709880659287,1.0,1.0,0.0,1.0,control,0,-0.04
355,10.0,3.6751786552287604,1.0,1.0,1.0,0.0,control,0,-0.04
356,11.0,3.8594158294637437,0.0,0.0,0.0,0.0,womens_offer,0,0.0
357,9.0,3.9006791946077186,1.0,0.0,0.0,0.0,control,0,-0.04
358,11.0,3.5352668456407605,1.0,0.0,0.0,0.0,mens_offer,0,-0.04
359,2.0,3.5050939734602427,0.0,1.0,1.0,0.0,mens_offer,0,0.26
360,12.0,3.209699794303376,0.0,1.0,0.0,1.0,mens_offer,0,0.091
361,11.0,5.07561287424348,0.0,1.0,1.0,0.0,control,1,0.0
362,9.0,4.004405490288312,0.0,0.0,0.0,0.0,control,0,0.0
363,10.0,4.868359905998837,1.0,1.0,0.0,1.0,control,1,0.0
364,9.0,3.7976330819016844,1.0,0.0,1.0,0.0,mens_offer,0,-0.04
365,11.0,4.081969171292816,0.0,0.0,0.0,0.0,control,0,0.0
366,11.0,3.8677819015327586,1.0,1.0,1.0,1.0,womens_offer,0,-0.04
367,7.0,4.428555911367271,1.0,0.0,0.0,1.0,mens_offer,0,0.0
368,10.0,4.752638430435239,1.0,0.0,0.0,0.0,mens_offer,0,-0.04
369,11.0,4.230387749475518,1.0,0.0,1.0,1.0,mens_offer,0,-0.04
370,4.0,3.4266023766750817,0.0,1.0,0.0,1.0,mens_offer,0,0.091
371,1.0,3.334330544637283,1.0,0.0,1.0,1.0,mens_offer,0,0.0
372,3.0,5.4973594790862785,0.0,0.0,1.0,1.0,control,1,0.0
373,1.0,3.771258336700199,1.0,0.0,0.0,1.0,mens_offer,0,0.0
374,6.0,3.761530692631368,0.0,1.0,0.0,1.0,womens_offer,0,0.091
375,1.0,5.323394766553616,1.0,1.0,1.0,0.0,mens_offer,1,0.0
376,4.0,4.98593190078602,1.0,1.0,0.0,0.0,mens_offer,1,0.0
377,4.0,4.491718727140897,0.0,1.0,0.0,1.0,control,1,0.091
378,9.0,3.666442894205172,1.0,1.0,0.0,0.0,womens_offer,0,-0.04
379,3.0,6.120078535887559,0.0,1.0,1.0,1.0,control,0,0.0
380,12.0,4.366453877182038,1.0,0.0,0.0,1.0,womens_offer,0,-0.04
381,3.0,4.503419742710081,1.0,0.0,0.0,1.0,mens_offer,1,0.0
382,12.0,3.8671443810167,1.0,0.0,1.0,0.0,control,0,-0.04
383,7.0,2.7904803522395136,0.0,0.0,0.0,0.0,mens_offer,0,0.0
384,3.0,2.8578207232377837,1.0,0.0,0.0,0.0,womens_offer,0,0.0
385,1.0,4.378898810254334,0.0,0.0,1.0,0.0,womens_offer,0,0.0
386,4.0,4.365437038167657,0.0,0.0,1.0,0.0,mens_offer,1,0.0
387,8.0,3.8064785452286456,1.0,0.0,0.0,1.0,control,0,0.0
388,2.0,2.9967256264694004,1.0,0.0,0.0,0.0,mens_offer,0,0.0
389,2.0,2.767393738534874,0.0,0.0,0.0,1.0,control,0,0.0
390,2.0,3.7292384818076525,1.0,1.0,0.0,0.0,mens_offer,0,0.091
391,9.0,2.7551938687710424,0.0,0.0,0.0,0.0,mens_offer,0,0.0
392,2.0,4.8171465409117245,1.0,0.0,0.0,1.0,mens_offer,0,0.0
393,1.0,5.043867943270592,0.0,1.0,1.0,0.0,womens_offer,0,0.0
394,6.0,6.54756537700647,1.0,1.0,1.0,1.0,mens_offer,1,0.0
395,4.0,4.798759802571518,0.0,1.0,1.0,0.0,womens_offer,0,0.0
396,7.0,3.49718582593539,1.0,0.0,1.0,1.0,mens_offer,0,0.0
397,12.0,3.2548522178348622,0.0,0.0,0.0,0.0,control,0,0.0
398,11.0,1.2364978210677653,0.0,1.0,1.0,0.0,control,0,0.26
399,7.0,3.495405881091088,1.0,1.0,0.0,0.0,control,0,0.091
400,8.0,3.8619741634866345,0.0,1.0,1.0,1.0,mens_offer,0,0.26
401,10.0,4.878662793107343,1.0,1.0,1.0,1.0,womens_offer,1,0.0
402,6.0,4.560947298198253,1.0,1.0,0.0,0.0,womens_offer,0,0.091
403,8.0,4.540242921827766,1.0,0.0,1.0,1.0,mens_offer,0,0.0
404,3.0,4.207263813568605,0.0,0.0,1.0,1.0,control,0,0.0
405,8.0,4.604872371918208,1.0,1.0,1.0,0.0,mens_offer,0,0.26
406,3.0,5.3078050927106535,0.0,0.0,1.0,0.0,womens_offer,0,0.0
407,3.0,3.088263346918974,0.0,0.0,1.0,0.0,control,0,0.0
408,10.0,3.615696222479128,0.0,1.0,0.0,0.0,womens_offer,0,0.091
409,7.0,2.8122698602244336,0.0,0.0,0.0,0.0,control,0,0.0
410,5.0,5.461052413511865,1.0,1.0,1.0,1.0,mens_offer,0,0.0
411,1.0,5.1728666332439035,0.0,1.0,1.0,1.0,womens_offer,1,0.0
412,3.0,4.686319083552248,0.0,1.0,0.0,0.0,womens_offer,0,0.091
413,10.0,2.97376658024026,1.0,0.0,1.0,1.0,mens_offer,0,-0.04
414,6.0,4.1712043236907705,0.0,0.0,1.0,0.0,mens_offer,0,0.0
415,12.0,3.8111946664013727,0.0,0.0,0.0,0.0,mens_offer,0,0.0
416,11.0,4.089631535597011,1.0,0.0,1.0,0.0,womens_offer,0,-0.04
417,11.0,3.852156266717475,1.0,1.0,0.0,0.0,womens_offer,0,-0.04
418,1.0,4.4793629727944255,1.0,0.0,0.0,0.0,womens_offer,1,0.0
419,1.0,3.6704392519270366,1.0,0.0,0.0,0.0,control,0,0.0
420,7.0,4.777565537518419,1.0,1.0,1.0,0.0,control,0,0.0
421,5.0,4.231886850607175,0.0,1.0,1.0,1.0,womens_offer,0,0.26
422,11.0,3.7597954118027097,1.0,1.0,0.0,0.0,mens_offer,0,-0.04
423,4.0,3.9193849952926736,1.0,0.0,0.0,0.0,mens_offer,0,0.0
424,2.0,3.630336252043771,1.0,0.0,1.0,0.0,mens_offer,0,0.0
425,2.0,4.741261579983411,0.0,1.0,1.0,0.0,control,0,0.26
426,4.0,3.7787972330548167,0.0,1.0,1.0,0.0,control,0,0.26
427,8.0,4.279349851715577,1.0,1.0,0.0,1.0,mens_offer,1,0.091
428,2.0,3.6725752503496163,0.0,0.0,1.0,1.0,control,0,0.0
429,10.0,2.730796103540271,1.0,1.0,1.0,0.0,control,0,-0.04
430,4.0,4.823564528435584,0.0,0.0,0.0,0.0,womens_offer,0,0.0
431,4.0,3.0940625664515005,1.0,1.0,1.0,0.0,control,0,0.26
432,8.0,4.621135237538362,1.0,1.0,0.0,0.0,womens_offer,0,0.091
433,11.0,4.390608124659872,1.0,1.0,1.0,0.0,control,0,-0.04
434,6.0,2.5877368834319223,0.0,0.0,1.0,1.0,womens_offer,0,0.0
435,10.0,3.191754750497066,1.0,1.0,0.0,1.0,mens_offer,0,-0.04
436,4.0,3.56598579285923,0.0,1.0,1.0,0.0,control,0,0.26
437,2.0,3.298973641047077,1.0,1.0,0.0,0.0,womens_offer,0,0.091
438,10.0,2.987846405426494,1.0,0.0,1.0,1.0,control,0,-0.04
439,10.0,4.675451146182152,1.0,1.0,1.0,0.0,control,0,-0.04
440,10.0,3.8069123172440618,1.0,0.0,0.0,1.0,mens_offer,0,-0.04
441,11.0,4.359982482231744,0.0,1.0,0.0,1.0,control,0,0.091
442,6.0,3.6391679228182054,1.0,1.0,1.0,0.0,mens_offer,0,0.26
443,3.0,4.288614686553978,1.0,1.0,1.0,1.0,womens_offer,1,0.26
444,8.0,3.359340792328785,1.0,0.0,0.0,0.0,control,0,0.0
445,7.0,3.994719141960551,1.0,1.0,1.0,1.0,mens_offer,1,0.26
446,5.0,4.534452013202741,0.0,0.0,1.0,0.0,control,0,0.0
447,8.0,4.0580001859972645,1.0,1.0,1.0,0.0,mens_offer,0,0.26
448,4.0,3.6158627538751924,1.0,1.0,1.0,1.0,control,0,0.26
449,8.0,3.0695549878032793,0.0,0.0,1.0,0.0,mens_offer,0,0.0
450,10.0,4.166497623299875,1.0,1.0,0.0,1.0,womens_offer,0,-0.04
451,2.0,4.323789097879163,1.0,1.0,0.0,1.0,control,0,0.091
452,6.0,3.790323804974012,1.0,0.0,1.0,1.0,womens_offer,0,0.0
453,8.0,3.3435611952118487,1.0,1.0,0.0,0.0,mens_offer,0,0.091
454,1.0,4.499501494046088,0.0,1.0,1.0,0.0,control,0,0.26
455,8.0,6.235517933066742,1.0,0.0,1.0,0.0,mens_offer,0,0.0
456,11.0,3.7515457224561435,1.0,1.0,1.0,0.0,mens_offer,0,-0.04
457,10.0,4.316501855097283,1.0,1.0,1.0,0.0,mens_offer,0,-0.04
458,9.0,4.352610426009124,1.0,1.0,0.0,1.0,control,0,-0.04
459,10.0,1.8594905598375582,0.0,1.0,0.0,1.0,mens_offer,0,0.091
460,5.0,4.127726920936473,0.0,0.0,0.0,1.0,mens_offer,0,0.0
461,4.0,3.3981403029620716,0.0,1.0,0.0,0.0,control,0,0.091
462,2.0,5.251472757105297,1.0,1.0,0.0,0.0,womens_offer,1,0.0
463,9.0,3.7941713281807568,1.0,0.0,0.0,0.0,mens_offer,0,-0.04
464,4.0,3.3364292877181367,1.0,1.0,1.0,1.0,mens_offer,0,0.26
465,11.0,3.8254016186617963,0.0,0.0,1.0,0.0,womens_offer,1,0.0
466,6.0,4.1655478761989695,1.0,0.0,1.0,0.0,womens_offer,0,0.0
467,11.0,3.5259503808688772,1.0,0.0,1.0,1.0,mens_offer,0,-0.04
468,2.0,3.9716260544424515,0.0,0.0,0.0,0.0,control,1,0.0
469,2.0,2.8413729989150833,1.0,0.0,0.0,1.0,mens_offer,0,0.0
470,5.0,3.819455888294214,1.0,0.0,1.0,1.0,control,0,0.0
471,1.0,4.707176843582101,0.0,1.0,0.0,1.0,womens_offer,1,0.091
472,6.0,5.7753629438236045,0.0,1.0,0.0,1.0,womens_offer,1,0.0
473,8.0,4.645514390353351,1.0,1.0,1.0,0.0,mens_offer,0,0.26
474,8.0,4.258978090957589,1.0,1.0,0.0,1.0,mens_offer,0,0.091
475,3.0,5.07168089187925,0.0,0.0,1.0,0.0,mens_offer,0,0.0
476,2.0,4.924490748802052,1.0,0.0,0.0,0.0,womens_offer,0,0.0
477,7.0,5.501547232353961,0.0,0.0,0.0,1.0,mens_offer,0,0.0
478,8.0,4.98127921763657,1.0,1.0,0.0,0.0,mens_offer,1,0.0
479,12.0,3.91408347781866,0.0,1.0,1.0,0.0,womens_offer,0,0.26
480,11.0,4.247013085510145,1.0,1.0,0.0,0.0,womens_offer,0,-0.04
481,5.0,4.176713019087292,1.0,1.0,0.0,1.0,mens_offer,0,0.091
482,2.0,4.285783700310766,1.0,1.0,0.0,0.0,control,0,0.091
483,4.0,4.195467291786812,1.0,0.0,0.0,1.0,control,0,0.0
484,11.0,3.332182539870839,1.0,1.0,1.0,1.0,womens_offer,0,-0.04
485,6.0,2.2215154484746074,0.0,1.0,0.0,0.0,control,0,0.091
486,12.0,3.428463714924211,0.0,0.0,0.0,0.0,mens_offer,0,0.0
487,8.0,2.2840143433340865,0.0,1.0,0.0,0.0,control,0,0.091
488,8.0,4.078245427779428,0.0,0.0,1.0,0.0,control,0,0.0
489,2.0,4.02215939108439,0.0,1.0,0.0,0.0,control,0,0.091
490,8.0,2.571483098158283,1.0,1.0,0.0,0.0,mens_offer,0,0.091
491,5.0,4.629162254862245,1.0,1.0,1.0,0.0,control,0,0.26
492,11.0,4.788531790598135,1.0,0.0,1.0,0.0,control,1,0.0
493,2.0,4.102928865046066,1.0,1.0,1.0,0.0,mens_offer,1,0.26
494,3.0,5.5049744547848976,1.0,0.0,1.0,1.0,control,1,0.0
495,8.0,5.687891463828196,1.0,1.0,0.0,1.0,mens_offer,1,0.0
496,9.0,2.9674117053231748,0.0,0.0,0.0,0.0,mens_offer,0,0.0
497,10.0,4.940213406989534,1.0,1.0,1.0,0.0,mens_offer,0,0.0
498,7.0,4.409004996926213,1.0,1.0,0.0,0.0,mens_offer,1,0.091
499,5.0,4.3889788869532556,0.0,1.0,0.0,1.0,mens_offer,0,0.091
500,4.0,4.848870860187992,1.0,1.0,0.0,1.0,mens_offer,1,0.0
501,5.0,3.387138854953479,1.0,1.0,0.0,1.0,mens_offer,0,0.091
502,8.0,3.4976022781699956,1.0,1.0,0.0,0.0,mens_offer,1,0.091
503,7.0,3.2938133369685674,1.0,0.0,0.0,0.0,control,0,0.0
504,4.0,3.3560820123446264,1.0,1.0,0.0,0.0,control,0,0.091
505,3.0,3.93115547428572,0.0,0.0,0.0,0.0,womens_offer,0,0.0
506,9.0,2.7588213677710796,1.0,0.0,0.0,0.0,control,0,-0.04
507,3.0,3.1047187656141535,1.0,1.0,1.0,0.0,womens_offer,0,0.26
508,3.0,4.5306080442454775,0.0,0.0,1.0,0.0,womens_offer,0,0.0
509,4.0,3.9554689722728273,1.0,0.0,0.0,0.0,womens_offer,0,0.0
510,11.0,4.3575517739497664,1.0,1.0,0.0,1.0,womens_offer,0,-0.04
511,6.0,2.3952415090348897,1.0,1.0,1.0,0.0,womens_offer,1,0.26
512,8.0,3.330946334153069,1.0,0.0,0.0,0.0,womens_offer,0,0.0
513,1.0,3.5298665249001924,1.0,1.0,0.0,0.0,womens_offer,0,0.091
514,5.0,4.0469121021959324,0.0,0.0,0.0,0.0,mens_offer,0,0.0
515,10.0,3.5029162916618253,0.0,0.0,1.0,1.0,mens_offer,0,0.0
516,10.0,4.8477699591478,0.0,0.0,1.0,0.0,womens_offer,1,0.0
517,7.0,3.9666694812806997,1.0,0.0,1.0,1.0,control,0,0.0
518,11.0,4.03318931484078,1.0,0.0,0.0,1.0,mens_offer,0,-0.04
519,4.0,4.0301164392020485,1.0,0.0,0.0,0.0,control,0,0.0
520,2.0,4.646825210334823,0.0,0.0,1.0,1.0,mens_offer,1,0.0
521,1.0,3.6031567823396116,0.0,1.0,1.0,0.0,mens_offer,0,0.26
522,3.0,5.016802132227741,1.0,0.0,0.0,1.0,womens_offer,0,0.0
523,10.0,4.426086066900641,0.0,0.0,1.0,1.0,control,0,0.0
524,11.0,4.15445209160195,1.0,1.0,1.0,0.0,mens_offer,0,-0.04
525,2.0,4.055049465245774,1.0,1.0,0.0,0.0,womens_offer,0,0.091
526,7.0,4.479675418183,1.0,1.0,0.0,1.0,womens_offer,1,0.091
527,2.0,4.921169688557327,1.0,0.0,1.0,0.0,womens_offer,0,0.0
528,11.0,4.858765122001367,1.0,1.0,1.0,0.0,control,1,0.0
529,2.0,4.351248654665632,0.0,0.0,0.0,0.0,mens_offer,0,0.0
530,8.0,4.797332839795101,1.0,1.0,1.0,0.0,control,1,0.0
531,1.0,4.122853223930487,1.0,0.0,1.0,0.0,mens_offer,0,0.0
532,9.0,5.133156554739085,0.0,1.0,0.0,0.0,womens_offer,0,0.0
533,11.0,3.9946398697484073,1.0,0.0,0.0,1.0,womens_offer,0,-0.04
534,9.0,2.244412712110417,0.0,1.0,1.0,1.0,control,0,0.26
535,4.0,5.209573297227407,1.0,1.0,1.0,0.0,control,1,0.0
536,11.0,4.113550727438827,0.0,1.0,1.0,0.0,womens_offer,0,0.26
537,4.0,2.9972432328603555,1.0,0.0,0.0,0.0,mens_offer,0,0.0
538,10.0,3.8432552316907485,0.0,1.0,0.0,1.0,control,1,0.091
539,10.0,3.244325307790685,1.0,0.0,1.0,0.0,control,0,-0.04
540,6.0,5.892951080697992,0.0,0.0,1.0,1.0,womens_offer,0,0.0
541,8.0,4.45955142840424,1.0,1.0,0.0,0.0,control,0,0.091
542,11.0,2.660627764109527,0.0,0.0,0.0,1.0,control,0,0.0
543,3.0,4.50268908639662,1.0,1.0,1.0,1.0,control,0,0.26
544,1.0,3.6670187128216334,1.0,1.0,1.0,0.0,womens_offer,0,0.26
545,6.0,5.728362700877688,0.0,0.0,0.0,0.0,mens_offer,0,0.0
546,3.0,3.0987285408159018,1.0,0.0,0.0,0.0,control,1,0.0
547,11.0,2.1072891654672654,0.0,0.0,1.0,1.0,womens_offer,0,0.0
548,11.0,4.076396380051542,1.0,1.0,0.0,0.0,control,0,-0.04
549,5.0,3.711519369452053,1.0,1.0,0.0,0.0,control,0,0.091
550,4.0,3.6513711431478053,0.0,1.0,0.0,1.0,womens_offer,0,0.091
551,9.0,2.1913984491242915,1.0,0.0,0.0,0.0,control,0,-0.04
552,6.0,4.396525015071078,0.0,0.0,1.0,0.0,control,0,0.0
553,2.0,5.510064685302444,0.0,1.0,0.0,0.0,mens_offer,1,0.0
554,8.0,2.3790683427040524,1.0,1.0,1.0,1.0,control,0,0.26
555,9.0,5.060464133531018,0.0,1.0,0.0,1.0,mens_offer,1,0.0
556,1.0,3.518254459115178,0.0,0.0,1.0,1.0,mens_offer,0,0.0
557,10.0,6.116313757852906,0.0,0.0,0.0,1.0,mens_offer,1,0.0
558,7.0,4.404702149421201,1.0,1.0,1.0,0.0,control,0,0.26
559,10.0,3.852397418127423,1.0,1.0,1.0,0.0,womens_offer,0,-0.04
560,11.0,5.0015935374078735,0.0,0.0,0.0,0.0,womens_offer,0,0.0
561,9.0,4.484769192179097,0.0,1.0,1.0,1.0,control,1,0.26
562,5.0,3.4975293657172037,1.0,1.0,0.0,0.0,control,0,0.091
563,5.0,4.648814309897807,1.0,1.0,0.0,0.0,womens_offer,0,0.091
564,9.0,3.568963589809978,0.0,0.0,0.0,1.0,womens_offer,1,0.0
565,1.0,2.4780022495886787,1.0,0.0,0.0,0.0,womens_offer,0,0.0
566,3.0,5.8313713373341765,1.0,0.0,0.0,0.0,womens_offer,0,0.0
567,7.0,3.7101534375704452,0.0,0.0,0.0,1.0,womens_offer,0,0.0
568,12.0,3.4830815396597035,0.0,1.0,0.0,0.0,mens_offer,0,0.091
569,10.0,4.318262417972806,1.0,0.0,0.0,1.0,control,0,-0.04
570,10.0,2.6682300996517485,0.0,1.0,0.0,0.0,womens_offer,0,0.091
571,3.0,2.8418655529483257,0.0,0.0,0.0,1.0,mens_offer,0,0.0
572,4.0,3.5786289138644247,1.0,1.0,0.0,0.0,control,0,0.091
573,4.0,3.561070110088572,0.0,0.0,1.0,0.0,womens_offer,0,0.0
574,9.0,4.081722771172335,1.0,1.0,0.0,0.0,control,0,-0.04
575,7.0,5.01694869252867,0.0,0.0,0.0,0.0,womens_offer,1,0.0
576,3.0,3.601050196387786,1.0,0.0,0.0,1.0,control,0,0.0
577,9.0,4.455204583874128,0.0,0.0,1.0,1.0,womens_offer,0,0.0
578,8.0,4.551992674108233,1.0,0.0,0.0,0.0,control,0,0.0
579,11.0,3.071778810171241,0.0,0.0,1.0,1.0,womens_offer,0,0.0
580,7.0,4.220411749397661,1.0,1.0,0.0,1.0,control,0,0.091
581,2.0,3.1934930785242033,1.0,1.0,0.0,0.0,mens_offer,0,0.091
582,11.0,4.964514691640387,1.0,1.0,1.0,1.0,control,1,0.0
583,3.0,4.421667821862707,0.0,0.0,0.0,1.0,control,0,0.0
584,1.0,4.032738408238427,1.0,1.0,0.0,0.0,control,0,0.091
585,10.0,2.853632476095325,0.0,1.0,1.0,1.0,mens_offer,0,0.26
586,6.0,4.1207564264671355,1.0,1.0,0.0,1.0,mens_offer,1,0.091
587,8.0,3.3455519378277216,1.0,1.0,0.0,1.0,womens_offer,0,0.091
588,2.0,4.645022160520304,0.0,0.0,0.0,0.0,womens_offer,0,0.0
589,9.0,3.912793144243925,1.0,0.0,1.0,0.0,mens_offer,0,-0.04
590,5.0,3.306232538017844,1.0,0.0,0.0,1.0,mens_offer,1,0.0
591,12.0,4.840897438913663,0.0,0.0,1.0,0.0,mens_offer,1,0.0
592,8.0,4.658903599128179,0.0,0.0,1.0,0.0,control,0,0.0
593,12.0,3.4967952972066882,1.0,1.0,0.0,1.0,control,0,-0.04
594,10.0,5.052240573885969,0.0,0.0,0.0,0.0,control,0,0.0
595,11.0,3.7551204940956113,0.0,1.0,0.0,1.0,womens_offer,0,0.091
596,2.0,3.745666841146568,1.0,0.0,0.0,1.0,mens_offer,0,0.0
597,10.0,4.127672642828376,0.0,1.0,0.0,1.0,mens_offer,0,0.091
598,8.0,3.358052642322479,1.0,1.0,1.0,0.0,control,0,0.26
599,5.0,3.6294141307083683,1.0,0.0,1.0,1.0,control,0,0.0
600,4.0,3.876509419118815,1.0,0.0,1.0,0.0,mens_offer,0,0.0
601,8.0,5.381864556122592,0.0,1.0,0.0,0.0,mens_offer,1,0.0
602,3.0,5.354423171781526,1.0,0.0,0.0,1.0,womens_offer,0,0.0
603,3.0,3.789874514925329,1.0,0.0,0.0,1.0,womens_offer,0,0.0
604,11.0,5.45368366174739,0.0,0.0,0.0,1.0,womens_offer,1,0.0
605,10.0,3.9799061340626127,1.0,0.0,0.0,0.0,control,0,-0.04
606,8.0,4.355442471589544,1.0,1.0,0.0,0.0,mens_offer,1,0.091
607,10.0,4.803455227046404,1.0,1.0,0.0,1.0,mens_offer,1,0.0
608,4.0,4.2768270195353075,1.0,1.0,0.0,0.0,mens_offer,0,0.091
609,9.0,6.175745403871032,0.0,0.0,1.0,1.0,control,0,0.0
610,3.0,4.233617672721835,1.0,1.0,1.0,0.0,mens_offer,0,0.26
611,6.0,2.974588295611314,1.0,1.0,0.0,1.0,control,0,0.091
612,2.0,5.180564585808844,0.0,0.0,0.0,0.0,womens_offer,0,0.0
613,5.0,3.6553357301275864,1.0,0.0,1.0,0.0,womens_offer,0,0.0
614,5.0,3.7499406333750187,0.0,1.0,0.0,0.0,mens_offer,0,0.091
615,6.0,1.546902538919133,1.0,1.0,0.0,0.0,control,0,0.091
616,6.0,4.908299748137849,1.0,0.0,0.0,0.0,mens_offer,1,0.0
617,1.0,4.745334384068572,1.0,1.0,1.0,1.0,mens_offer,0,0.26
618,5.0,4.728001000306537,0.0,0.0,1.0,0.0,control,1,0.0
619,11.0,4.888129347846864,0.0,1.0,0.0,0.0,mens_offer,1,0.0
620,6.0,5.525890454398368,1.0,0.0,0.0,1.0,mens_offer,0,0.0
621,7.0,3.9775082639468033,1.0,1.0,1.0,0.0,mens_offer,0,0.26
622,2.0,4.851700621851546,0.0,1.0,1.0,1.0,womens_offer,1,0.0
623,5.0,3.3656927880951306,0.0,0.0,0.0,0.0,womens_offer,0,0.0
624,12.0,3.706450244329496,0.0,1.0,0.0,1.0,womens_offer,0,0.091
625,7.0,4.958134957045539,0.0,1.0,0.0,0.0,mens_offer,1,0.0
626,1.0,4.364810070369054,1.0,1.0,1.0,1.0,control,0,0.26
627,9.0,2.8589633763767206,0.0,1.0,0.0,0.0,control,0,0.091
628,10.0,4.338340627776883,1.0,1.0,0.0,0.0,mens_offer,0,-0.04
629,5.0,3.856743011955467,1.0,1.0,0.0,0.0,womens_offer,0,0.091
630,1.0,3.300752100110234,1.0,1.0,0.0,0.0,mens_offer,0,0.091
631,10.0,4.403172305986296,1.0,0.0,0.0,1.0,womens_offer,0,-0.04
632,4.0,3.6619624766254515,1.0,0.0,0.0,0.0,mens_offer,1,0.0
633,12.0,2.6591390781878053,0.0,1.0,1.0,1.0,womens_offer,1,0.26
634,5.0,3.0485494860216624,0.0,1.0,0.0,1.0,mens_offer,0,0.091
635,5.0,5.595972764299249,0.0,1.0,0.0,0.0,control,0,0.0
636,10.0,2.7057232641321725,0.0,0.0,0.0,0.0,mens_offer,0,0.0
637,2.0,4.215398513449611,1.0,1.0,1.0,0.0,mens_offer,0,0.26
638,1.0,4.55957201975991,1.0,0.0,1.0,0.0,womens_offer,0,0.0
639,10.0,4.585520937669527,1.0,0.0,0.0,0.0,womens_offer,0,-0.04
640,12.0,2.9507910177404963,0.0,0.0,0.0,0.0,control,0,0.0
641,12.0,3.734783691761306,1.0,1.0,0.0,1.0,womens_offer,0,-0.04
642,2.0,4.142768305083663,1.0,1.0,0.0,0.0,mens_offer,0,0.091
643,2.0,4.72906234335789,0.0,1.0,0.0,0.0,control,1,0.091
644,5.0,3.451738749501936,0.0,0.0,1.0,0.0,control,0,0.0
645,9.0,3.0037462270038398,1.0,0.0,0.0,1.0,control,0,-0.04
646,11.0,4.909718534494467,0.0,0.0,0.0,1.0,mens_offer,1,0.0
647,10.0,5.001389610791167,0.0,0.0,0.0,0.0,womens_offer,1,0.0
648,5.0,4.346107131641578,0.0,0.0,1.0,0.0,womens_offer,0,0.0
649,12.0,3.4832794295770926,0.0,1.0,0.0,1.0,womens_offer,0,0.091
650,4.0,4.3787063714714565,1.0,0.0,0.0,0.0,control,0,0.0
651,2.0,4.114842917289112,0.0,1.0,1.0,0.0,mens_offer,0,0.26
652,6.0,4.7624471968806406,1.0,1.0,1.0,1.0,womens_offer,1,0.26
653,2.0,2.930637892426845,1.0,1.0,0.0,0.0,control,0,0.091
654,9.0,4.120996157047402,1.0,0.0,0.0,0.0,control,1,-0.04
655,12.0,3.8777569237905554,1.0,0.0,1.0,0.0,control,0,-0.04
656,2.0,3.049811119683821,1.0,0.0,1.0,1.0,control,0,0.0
657,2.0,4.2090553460706355,0.0,1.0,1.0,0.0,womens_offer,1,0.26
658,3.0,4.049019379010633,1.0,0.0,1.0,1.0,control,0,0.0
659,3.0,3.656830436411268,0.0,1.0,0.0,1.0,control,0,0.091
660,7.0,4.369168482843386,1.0,0.0,1.0,0.0,control,0,0.0
661,7.0,2.7866882723401036,1.0,1.0,1.0,0.0,womens_offer,1,0.26
662,12.0,3.97076155177327,0.0,0.0,0.0,1.0,womens_offer,1,0.0
663,6.0,4.400618394046006,0.0,1.0,1.0,0.0,mens_offer,0,0.26
664,12.0,4.2697007651670225,1.0,0.0,1.0,0.0,control,1,-0.04
665,10.0,4.975712541924254,1.0,1.0,1.0,0.0,control,1,0.0
666,11.0,2.971579481534649,0.0,0.0,1.0,1.0,control,0,0.0
667,3.0,2.711644264137301,1.0,0.0,0.0,1.0,control,0,0.0
668,6.0,4.229822898586402,1.0,0.0,1.0,0.0,control,0,0.0
669,11.0,4.4217235288961785,1.0,0.0,0.0,0.0,control,0,-0.04
670,10.0,5.910555774347038,0.0,1.0,0.0,1.0,mens_offer,0,0.0
671,3.0,4.5654113433900365,1.0,0.0,0.0,0.0,womens_offer,0,0.0
672,11.0,3.252876610441819,1.0,1.0,1.0,0.0,control,0,-0.04
673,10.0,4.734254610080868,1.0,1.0,0.0,0.0,womens_offer,1,-0.04
674,2.0,3.277389548469943,1.0,1.0,0.0,0.0,womens_offer,0,0.091
675,1.0,2.730178507317146,1.0,0.0,0.0,0.0,mens_offer,0,0.0
676,4.0,6.349939172658306,0.0,0.0,0.0,0.0,womens_offer,0,0.0
677,6.0,4.306810931588529,0.0,1.0,0.0,1.0,control,0,0.091
678,2.0,4.653033931679806,1.0,0.0,0.0,0.0,womens_offer,1,0.0
679,1.0,4.518164199346271,0.0,0.0,0.0,1.0,control,1,0.0
680,2.0,5.634448142112928,0.0,0.0,0.0,1.0,control,1,0.0
681,4.0,4.2697794417498605,1.0,0.0,1.0,0.0,mens_offer,1,0.0
682,5.0,5.102031190131185,0.0,1.0,1.0,0.0,control,1,0.0
683,4.0,3.1205795510948713,1.0,0.0,0.0,1.0,mens_offer,0,0.0
684,6.0,2.8091998912783795,0.0,0.0,1.0,0.0,control,0,0.0
685,9.0,5.2889610892679695,1.0,0.0,0.0,1.0,control,1,0.0
686,3.0,5.3322187988112555,1.0,1.0,1.0,0.0,control,0,0.0
687,6.0,4.47115322805851,1.0,0.0,0.0,1.0,womens_offer,0,0.0
688,9.0,4.218293079061104,1.0,0.0,0.0,0.0,control,0,-0.04
689,1.0,4.165207230623394,1.0,0.0,0.0,1.0,mens_offer,0,0.0
690,12.0,3.4141138332077796,1.0,0.0,1.0,0.0,womens_offer,0,-0.04
691,12.0,5.389349503004002,0.0,0.0,1.0,0.0,control,1,0.0
692,4.0,4.603064362782469,0.0,1.0,1.0,0.0,mens_offer,0,0.26
693,11.0,4.466864605887588,1.0,1.0,0.0,1.0,womens_offer,0,-0.04
694,4.0,4.351484178016896,0.0,0.0,0.0,0.0,mens_offer,0,0.0
695,11.0,4.950228524500651,1.0,1.0,1.0,0.0,mens_offer,0,0.0
696,8.0,4.466063782377773,0.0,0.0,1.0,0.0,control,0,0.0
697,3.0,4.680144768948292,1.0,0.0,0.0,1.0,control,0,0.0
698,1.0,2.9990796398296062,0.0,1.0,0.0,0.0,mens_offer,0,0.091
699,5.0,4.470536824668734,1.0,0.0,0.0,0.0,mens_offer,0,0.0
700,9.0,5.971036216863741,1.0,1.0,1.0,0.0,mens_offer,0,0.0
701,3.0,3.5621183968882995,0.0,0.0,0.0,1.0,womens_offer,0,0.0
702,7.0,3.9044126439041444,1.0,0.0,0.0,1.0,womens_offer,0,0.0
703,2.0,4.8109229942605705,1.0,1.0,1.0,0.0,womens_offer,1,0.0
704,6.0,4.869281365078197,1.0,1.0,0.0,0.0,mens_offer,1,0.0
705,1.0,4.572371567517442,1.0,0.0,1.0,0.0,womens_offer,0,0.0
706,12.0,2.619767125192533,0.0,0.0,1.0,0.0,mens_offer,1,0.0
707,7.0,4.463150183439733,1.0,1.0,0.0,0.0,control,1,0.091
708,11.0,2.986475795651001,0.0,0.0,0.0,0.0,mens_offer,0,0.0
709,2.0,3.2955207613746986,0.0,1.0,0.0,0.0,womens_offer,0,0.091
710,3.0,4.504370580030511,1.0,0.0,1.0,0.0,control,1,0.0
711,3.0,3.7573799213257475,1.0,1.0,1.0,1.0,mens_offer,0,0.26
712,7.0,4.737460093526403,1.0,1.0,1.0,0.0,mens_offer,0,0.26
713,11.0,6.834401478996842,1.0,1.0,0.0,0.0,control,1,0.0
714,8.0,4.708521059554074,0.0,1.0,1.0,0.0,control,0,0.26
715,6.0,4.660078194597483,1.0,0.0,0.0,0.0,control,0,0.0
716,12.0,3.2340403707000887,1.0,0.0,0.0,0.0,control,0,-0.04
717,3.0,3.453478756319822,1.0,0.0,1.0,1.0,womens_offer,0,0.0
718,2.0,3.089307032019351,1.0,1.0,1.0,0.0,control,0,0.26
719,9.0,3.549814500250152,1.0,0.0,0.0,0.0,womens_offer,0,-0.04
720,11.0,3.0651910142823318,1.0,0.0,0.0,0.0,womens_offer,0,-0.04
721,4.0,3.438905287208452,1.0,1.0,0.0,0.0,womens_offer,0,0.091
722,4.0,3.8340102733402777,1.0,0.0,1.0,1.0,mens_offer,0,0.0
723,7.0,3.143569756352076,1.0,1.0,0.0,1.0,mens_offer,0,0.091
724,10.0,2.786434836983811,0.0,0.0,1.0,0.0,womens_offer,0,0.0
725,4.0,2.835184388328918,1.0,1.0,0.0,0.0,control,0,0.091
726,10.0,4.420628576903957,1.0,1.0,1.0,0.0,mens_offer,0,-0.04
727,7.0,4.070979753182335,0.0,1.0,1.0,1.0,womens_offer,1,0.26
728,9.0,4.93059470876865,0.0,1.0,1.0,0.0,womens_offer,0,0.0
729,8.0,4.947124455691541,0.0,1.0,1.0,0.0,mens_offer,0,0.0
730,6.0,3.718006962060035,1.0,1.0,1.0,1.0,mens_offer,0,0.26
731,7.0,4.613010668793725,0.0,1.0,0.0,1.0,mens_offer,0,0.091
732,12.0,2.7683530465375115,0.0,0.0,0.0,1.0,control,0,0.0
733,5.0,6.057065190346612,1.0,0.0,1.0,1.0,mens_offer,0,0.0
734,12.0,5.0820901344391745,1.0,0.0,1.0,0.0,control,0,0.0
735,10.0,3.82845303722603,1.0,1.0,0.0,0.0,control,0,-0.04
736,3.0,3.0039815125463996,1.0,1.0,0.0,1.0,mens_offer,0,0.091
737,11.0,4.354969729896538,1.0,1.0,0.0,0.0,control,0,-0.04
738,5.0,2.4109480485149737,1.0,0.0,1.0,0.0,control,0,0.0
739,3.0,3.3348959092051293,1.0,0.0,0.0,0.0,womens_offer,0,0.0
740,4.0,4.683174451140531,1.0,0.0,1.0,0.0,womens_offer,0,0.0
741,2.0,4.0848725369523935,0.0,0.0,0.0,1.0,mens_offer,0,0.0
742,5.0,3.586225399284202,0.0,0.0,1.0,0.0,womens_offer,0,0.0
743,2.0,4.863419631367331,1.0,0.0,1.0,0.0,control,0,0.0
744,7.0,3.110817424593511,1.0,1.0,1.0,0.0,mens_offer,0,0.26
745,12.0,4.270306655578419,1.0,0.0,0.0,1.0,control,0,-0.04
746,12.0,3.580169780991402,0.0,1.0,1.0,1.0,womens_offer,0,0.26
747,12.0,3.2758824052272004,0.0,0.0,0.0,1.0,mens_offer,0,0.0
748,3.0,4.429053636881696,0.0,0.0,0.0,0.0,mens_offer,0,0.0
749,3.0,3.150197069354215,0.0,1.0,0.0,0.0,womens_offer,1,0.091
750,9.0,5.715107044679713,0.0,0.0,0.0,1.0,control,0,0.0
751,12.0,3.5042844420773465,1.0,0.0,1.0,1.0,womens_offer,0,-0.04
752,10.0,5.793888747073514,1.0,0.0,1.0,0.0,control,0,0.0
753,3.0,3.0632873863411563,0.0,1.0,0.0,0.0,mens_offer,0,0.091
754,9.0,4.555916708004361,0.0,1.0,0.0,1.0,mens_offer,0,0.091
755,7.0,2.972891871841265,1.0,0.0,0.0,1.0,control,0,0.0
756,6.0,2.852430166918293,0.0,0.0,0.0,0.0,womens_offer,0,0.0
757,6.0,4.159473792216118,0.0,1.0,0.0,0.0,womens_offer,0,0.091
758,7.0,4.6197075141595025,1.0,1.0,0.0,1.0,mens_offer,1,0.091
759,11.0,2.9092238025098207,0.0,0.0,1.0,1.0,mens_offer,0,0.0
760,10.0,5.07202182878624,0.0,0.0,0.0,0.0,control,0,0.0
761,1.0,3.3190201927871987,1.0,0.0,0.0,1.0,control,0,0.0
762,10.0,4.134244797958233,1.0,1.0,1.0,1.0,control,0,-0.04
763,4.0,4.35473010210587,1.0,1.0,0.0,0.0,mens_offer,1,0.091
764,5.0,4.545881029635983,1.0,0.0,1.0,0.0,mens_offer,0,0.0
765,8.0,2.470317315942949,0.0,1.0,1.0,0.0,mens_offer,0,0.26
766,12.0,5.460964864213836,0.0,0.0,0.0,0.0,control,1,0.0
767,1.0,4.516600028848217,1.0,0.0,0.0,0.0,womens_offer,1,0.0
768,7.0,3.6434754253295822,1.0,0.0,0.0,0.0,control,0,0.0
769,3.0,3.1232723542318204,0.0,0.0,1.0,0.0,mens_offer,0,0.0
770,11.0,2.556117825124936,0.0,0.0,1.0,0.0,control,0,0.0
771,6.0,2.835218536226846,0.0,0.0,1.0,1.0,womens_offer,0,0.0
772,11.0,4.50159785792114,0.0,0.0,0.0,0.0,mens_offer,1,0.0
773,11.0,3.7176255295016825,0.0,0.0,0.0,0.0,mens_offer,0,0.0
774,2.0,3.03110160261286,0.0,1.0,1.0,1.0,mens_offer,0,0.26
775,10.0,3.554763272751354,1.0,0.0,0.0,0.0,mens_offer,0,-0.04
776,10.0,5.412173203549675,0.0,1.0,0.0,0.0,control,1,0.0
777,10.0,3.72675777685649,1.0,0.0,0.0,0.0,womens_offer,0,-0.04
778,12.0,3.504518914213505,1.0,0.0,1.0,0.0,mens_offer,0,-0.04
779,10.0,5.2209622341401705,0.0,0.0,0.0,1.0,mens_offer,1,0.0
780,11.0,4.427716130267309,1.0,1.0,1.0,0.0,womens_offer,0,-0.04
781,9.0,4.0572997225773895,1.0,0.0,1.0,1.0,control,0,-0.04
782,4.0,3.484156397342024,1.0,1.0,1.0,0.0,mens_offer,0,0.26
783,11.0,2.674279563820398,0.0,1.0,1.0,0.0,control,0,0.26
784,9.0,2.9977014894465426,1.0,0.0,0.0,0.0,control,0,-0.04
785,9.0,3.5954175461697724,1.0,0.0,0.0,0.0,womens_offer,0,-0.04
786,12.0,3.8244100108108627,0.0,1.0,0.0,0.0,mens_offer,0,0.091
787,9.0,4.333822162464487,0.0,0.0,1.0,1.0,control,0,0.0
788,5.0,4.507673547421689,0.0,0.0,0.0,0.0,womens_offer,0,0.0
789,4.0,4.2155043622737045,0.0,0.0,0.0,0.0,womens_offer,1,0.0
790,4.0,4.213276045025664,0.0,1.0,0.0,0.0,control,0,0.091
791,3.0,3.137584625266445,0.0,1.0,0.0,1.0,control,0,0.091
792,1.0,2.180601088496872,1.0,0.0,0.0,0.0,control,0,0.0
793,10.0,3.5600610136864432,0.0,0.0,0.0,0.0,mens_offer,0,0.0
794,10.0,3.183585498984606,0.0,1.0,0.0,0.0,womens_offer,1,0.091
795,2.0,3.4450586210678837,0.0,1.0,0.0,1.0,womens_offer,0,0.091
796,5.0,3.7760803140853785,0.0,0.0,0.0,0.0,control,0,0.0
797,12.0,2.9353293836297816,0.0,1.0,0.0,0.0,control,0,0.091
798,11.0,3.04910233922403,0.0,0.0,1.0,1.0,womens_offer,0,0.0
799,8.0,3.929562582575161,1.0,1.0,0.0,0.0,control,0,0.091
800,12.0,4.120562094403336,0.0,1.0,0.0,0.0,mens_offer,1,0.091
801,4.0,3.4421213700611935,1.0,0.0,0.0,1.0,womens_offer,0,0.0
802,11.0,4.460085291395841,1.0,1.0,1.0,0.0,control,0,-0.04
803,12.0,3.8245605407039456,1.0,1.0,0.0,0.0,mens_offer,0,-0.04
804,8.0,3.126921408518499,0.0,0.0,0.0,1.0,control,0,0.0
805,2.0,4.0541599265200725,0.0,1.0,0.0,1.0,mens_offer,1,0.091
806,4.0,5.6975320977093835,1.0,0.0,1.0,1.0,mens_offer,0,0.0
807,7.0,3.425635826547209,1.0,0.0,0.0,1.0,mens_offer,0,0.0
808,4.0,5.055917675354012,1.0,0.0,1.0,0.0,control,0,0.0
809,2.0,5.245284572173626,1.0,0.0,1.0,0.0,womens_offer,0,0.0
810,3.0,5.353090180496956,1.0,1.0,1.0,1.0,womens_offer,1,0.0
811,12.0,3.2973181850116076,0.0,1.0,0.0,0.0,mens_offer,0,0.091
812,5.0,5.816818041481449,1.0,1.0,0.0,0.0,womens_offer,1,0.0
813,7.0,4.12107467931286,0.0,0.0,1.0,0.0,control,0,0.0
814,6.0,3.794344563680745,0.0,0.0,1.0,0.0,womens_offer,0,0.0
815,10.0,3.8149716870468375,1.0,0.0,1.0,1.0,control,0,-0.04
816,2.0,4.552018088207685,1.0,0.0,1.0,0.0,mens_offer,1,0.0
817,4.0,4.063355501401549,1.0,1.0,1.0,1.0,control,0,0.26
818,8.0,3.862042179588429,0.0,1.0,0.0,1.0,control,0,0.091
819,10.0,5.160982599395286,0.0,1.0,1.0,0.0,control,0,0.0
820,6.0,3.384013011566368,0.0,0.0,0.0,0.0,control,0,0.0
821,9.0,3.10693973340716,0.0,0.0,1.0,1.0,control,0,0.0
822,10.0,4.722725264821896,0.0,1.0,1.0,0.0,mens_offer,0,0.26
823,8.0,4.642913904082618,0.0,1.0,1.0,1.0,womens_offer,0,0.26
824,10.0,4.991399130114125,1.0,1.0,0.0,0.0,mens_offer,1,0.0
825,12.0,3.0819741155393974,0.0,0.0,0.0,1.0,mens_offer,0,0.0
826,3.0,4.980149079129652,0.0,0.0,1.0,0.0,mens_offer,1,0.0
827,6.0,4.445618379992108,0.0,0.0,1.0,1.0,mens_offer,0,0.0
828,3.0,5.590059688715402,0.0,1.0,1.0,0.0,mens_offer,1,0.0
829,5.0,2.931341044498571,0.0,0.0,1.0,0.0,womens_offer,0,0.0
830,1.0,4.211353607412174,1.0,1.0,1.0,0.0,control,0,0.26
831,9.0,3.773430437113831,0.0,1.0,1.0,1.0,control,0,0.26
832,3.0,2.643014864238388,0.0,0.0,0.0,0.0,control,0,0.0
833,11.0,3.3908607549057117,1.0,0.0,1.0,1.0,womens_offer,0,-0.04
834,9.0,5.020977672299659,0.0,1.0,0.0,1.0,womens_offer,1,0.0
835,5.0,3.605485681450039,1.0,1.0,1.0,0.0,womens_offer,0,0.26
836,6.0,3.38415658607684,0.0,1.0,0.0,1.0,control,0,0.091
837,9.0,4.789783367254085,0.0,1.0,0.0,1.0,mens_offer,0,0.0
838,6.0,4.897482365986194,1.0,0.0,0.0,1.0,mens_offer,0,0.0
839,3.0,4.8956129911006245,0.0,0.0,0.0,1.0,womens_offer,0,0.0
840,1.0,3.325878667630156,0.0,1.0,1.0,0.0,control,0,0.26
841,7.0,3.9669055521890275,0.0,1.0,1.0,0.0,womens_offer,0,0.26
842,7.0,4.934811031419166,1.0,0.0,1.0,0.0,womens_offer,1,0.0
843,10.0,3.4420901366384835,0.0,0.0,1.0,0.0,control,0,0.0
844,2.0,3.3609216677330966,0.0,0.0,0.0,0.0,control,0,0.0
845,1.0,4.754062733935618,1.0,1.0,1.0,0.0,womens_offer,0,0.26
846,9.0,5.410592830589748,1.0,1.0,1.0,0.0,control,0,0.0
847,9.0,3.0134995905421587,0.0,1.0,1.0,1.0,control,0,0.26
848,10.0,1.8359092105151817,1.0,1.0,0.0,0.0,mens_offer,0,-0.04
849,1.0,2.7600923862834907,1.0,0.0,0.0,0.0,mens_offer,0,0.0
850,8.0,3.133342475440081,1.0,1.0,1.0,0.0,womens_offer,1,0.26
851,12.0,3.896610702108732,0.0,0.0,0.0,0.0,control,0,0.0
852,10.0,4.564731552044093,1.0,1.0,0.0,0.0,mens_offer,0,-0.04
853,6.0,3.888830599164523,1.0,0.0,0.0,0.0,mens_offer,1,0.0
854,6.0,3.4035161262151195,0.0,0.0,0.0,0.0,mens_offer,0,0.0
855,5.0,4.153860993769441,1.0,1.0,0.0,0.0,womens_offer,1,0.091
856,1.0,3.1769241807093436,0.0,0.0,0.0,1.0,mens_offer,0,0.0
857,9.0,3.976697111678784,1.0,1.0,0.0,0.0,womens_offer,0,-0.04
858,7.0,3.454695269490995,0.0,1.0,1.0,0.0,womens_offer,0,0.26
859,7.0,6.413948753664134,1.0,1.0,1.0,1.0,womens_offer,1,0.0
860,12.0,4.7438514111956405,1.0,1.0,0.0,0.0,womens_offer,1,-0.04
861,9.0,3.286584905404505,1.0,1.0,1.0,1.0,control,1,-0.04
862,12.0,3.146704394336144,0.0,1.0,1.0,0.0,womens_offer,0,0.26
863,2.0,3.6324471155665643,0.0,0.0,1.0,0.0,mens_offer,0,0.0
864,12.0,2.59702777479855,1.0,0.0,1.0,0.0,womens_offer,0,-0.04
865,7.0,3.3772911693536973,1.0,1.0,1.0,0.0,womens_offer,0,0.26
866,5.0,3.3705701717177905,1.0,1.0,1.0,0.0,control,0,0.26
867,7.0,4.803765729823607,1.0,1.0,0.0,0.0,womens_offer,0,0.0
868,1.0,3.6425929900804275,1.0,0.0,0.0,1.0,womens_offer,0,0.0
869,12.0,3.3251390847300493,1.0,0.0,0.0,1.0,womens_offer,0,-0.04
870,8.0,2.852982665716483,0.0,1.0,1.0,1.0,womens_offer,0,0.26
871,1.0,2.9924895608435333,1.0,0.0,1.0,0.0,womens_offer,1,0.0
872,11.0,3.959535737593665,1.0,1.0,0.0,0.0,mens_offer,0,-0.04
873,6.0,3.8283687730346854,1.0,0.0,0.0,1.0,mens_offer,0,0.0
874,2.0,5.027403856921994,0.0,0.0,0.0,0.0,mens_offer,1,0.0
875,8.0,3.4655375479546584,1.0,1.0,0.0,1.0,control,0,0.091
876,1.0,4.960301363828004,1.0,1.0,0.0,0.0,womens_offer,0,0.0
877,7.0,4.24584093842581,1.0,0.0,1.0,0.0,control,1,0.0
878,10.0,4.0140530039501305,0.0,1.0,0.0,0.0,mens_offer,0,0.091
879,1.0,2.2983575160464995,0.0,1.0,1.0,0.0,control,0,0.26
880,10.0,2.895788336893853,1.0,0.0,1.0,1.0,mens_offer,0,-0.04
881,8.0,4.676639826616695,1.0,0.0,0.0,0.0,womens_offer,0,0.0
882,4.0,5.263229882843996,0.0,1.0,1.0,0.0,mens_offer,0,0.0
883,3.0,4.200899386053634,0.0,1.0,1.0,0.0,womens_offer,0,0.26
884,1.0,4.6954533039827835,1.0,1.0,1.0,0.0,womens_offer,1,0.26
885,3.0,3.659142126010578,0.0,0.0,0.0,0.0,womens_offer,1,0.0
886,4.0,3.691046470466947,0.0,0.0,0.0,1.0,mens_offer,0,0.0
887,11.0,3.436054621106861,1.0,0.0,0.0,1.0,mens_offer,0,-0.04
888,7.0,4.884818117009533,0.0,1.0,1.0,1.0,womens_offer,1,0.0
889,3.0,4.321881429737934,0.0,0.0,1.0,0.0,womens_offer,0,0.0
890,9.0,3.81160834897188,1.0,1.0,1.0,0.0,control,0,-0.04
891,6.0,3.728763626599582,0.0,1.0,1.0,0.0,womens_offer,1,0.26
892,11.0,4.51189338246392,0.0,0.0,0.0,0.0,womens_offer,1,0.0
893,10.0,4.304404986779666,1.0,0.0,0.0,1.0,womens_offer,0,-0.04
894,12.0,3.289160244696245,1.0,1.0,0.0,0.0,control,0,-0.04
895,9.0,5.548289005861611,0.0,1.0,0.0,0.0,mens_offer,1,0.0
896,2.0,4.245754541310933,1.0,1.0,0.0,0.0,control,0,0.091
897,7.0,4.027412273482194,0.0,0.0,0.0,0.0,control,0,0.0
898,6.0,5.334391617358019,0.0,1.0,1.0,1.0,control,0,0.0
899,10.0,4.928876223511813,1.0,1.0,0.0,1.0,womens_offer,1,0.0
900,2.0,3.940460515178339,1.0,0.0,1.0,0.0,womens_offer,0,0.0
901,6.0,4.4936296198791315,0.0,1.0,0.0,0.0,womens_offer,0,0.091
902,10.0,3.083881788171561,1.0,0.0,0.0,0.0,mens_offer,0,-0.04
903,8.0,3.4553276284663763,0.0,1.0,0.0,0.0,mens_offer,0,0.091
904,1.0,2.096780462422355,0.0,0.0,0.0,1.0,womens_offer,0,0.0
905,10.0,5.104418684356787,1.0,0.0,0.0,0.0,control,1,0.0
906,5.0,2.3877591542482617,1.0,1.0,0.0,1.0,womens_offer,1,0.091
907,9.0,4.623019367136656,0.0,0.0,0.0,0.0,womens_offer,0,0.0
908,8.0,3.2903430319844755,0.0,1.0,0.0,0.0,mens_offer,0,0.091
909,8.0,3.1621811577290386,0.0,1.0,0.0,0.0,mens_offer,0,0.091
910,6.0,3.8460673046447735,0.0,1.0,0.0,1.0,control,0,0.091
911,5.0,4.254079003909997,1.0,0.0,0.0,0.0,womens_offer,0,0.0
912,2.0,4.561398229706705,1.0,0.0,0.0,1.0,mens_offer,1,0.0
913,7.0,5.598179995493323,1.0,0.0,0.0,1.0,control,1,0.0
914,4.0,4.335928788133303,1.0,0.0,0.0,1.0,mens_offer,0,0.0
915,5.0,4.801328607669547,1.0,0.0,0.0,0.0,control,0,0.0
916,3.0,3.4922644379565027,1.0,0.0,0.0,0.0,womens_offer,0,0.0
917,9.0,4.651938096923046,1.0,1.0,1.0,0.0,womens_offer,0,-0.04
918,12.0,4.153771580681464,1.0,1.0,0.0,0.0,control,0,-0.04
919,5.0,3.6105435904845615,1.0,0.0,1.0,0.0,womens_offer,0,0.0
920,6.0,3.933389981086195,1.0,0.0,0.0,1.0,control,1,0.0
921,6.0,3.9633329057053075,0.0,0.0,0.0,1.0,womens_offer,0,0.0
922,1.0,4.187310901434485,1.0,0.0,1.0,0.0,womens_offer,0,0.0
923,10.0,4.373933706309838,0.0,0.0,0.0,1.0,control,0,0.0
924,11.0,3.5705427763229447,0.0,1.0,0.0,0.0,mens_offer,0,0.091
925,7.0,3.368357329847935,1.0,1.0,0.0,0.0,mens_offer,1,0.091
926,1.0,4.682027785910567,0.0,1.0,1.0,1.0,mens_offer,1,0.26
927,5.0,2.5540596498565717,1.0,0.0,0.0,0.0,womens_offer,0,0.0
928,2.0,3.4750632733559277,0.0,1.0,0.0,1.0,control,0,0.091
929,10.0,5.401874152812991,1.0,0.0,1.0,0.0,womens_offer,1,0.0
930,10.0,1.7536441785526509,0.0,0.0,0.0,1.0,mens_offer,1,0.0
931,5.0,3.409857442822162,1.0,0.0,0.0,0.0,womens_offer,0,0.0
932,5.0,4.628762298888405,1.0,1.0,1.0,1.0,mens_offer,1,0.26
933,11.0,2.5924922611438768,1.0,1.0,1.0,1.0,mens_offer,0,-0.04
934,2.0,6.340093604242364,1.0,0.0,1.0,0.0,womens_offer,0,0.0
935,10.0,1.8428467614978163,1.0,1.0,1.0,0.0,mens_offer,0,-0.04
936,12.0,5.2979180547972105,0.0,0.0,0.0,1.0,mens_offer,1,0.0
937,6.0,5.406106420271458,1.0,1.0,0.0,0.0,womens_offer,0,0.0
938,10.0,4.832713894465988,0.0,1.0,0.0,1.0,womens_offer,1,0.0
939,9.0,3.822684667405705,0.0,0.0,0.0,0.0,mens_offer,0,0.0
940,11.0,4.334653444734887,1.0,0.0,0.0,0.0,control,1,-0.04
941,1.0,3.232724218079548,1.0,1.0,0.0,1.0,womens_offer,0,0.091
942,9.0,4.737194016995687,1.0,1.0,0.0,1.0,control,1,-0.04
943,5.0,3.0410839770402953,1.0,1.0,0.0,1.0,womens_offer,0,0.091
944,11.0,3.77667833251112,0.0,1.0,0.0,1.0,mens_offer,0,0.091
945,11.0,4.904068338943438,1.0,0.0,1.0,1.0,womens_offer,1,0.0
946,4.0,3.0458511587409234,0.0,0.0,0.0,0.0,mens_offer,0,0.0
947,7.0,3.697262089170115,1.0,1.0,0.0,0.0,control,0,0.091
948,6.0,4.163513375825489,1.0,0.0,1.0,0.0,womens_offer,0,0.0
949,7.0,2.8518610971055756,1.0,0.0,1.0,0.0,mens_offer,0,0.0
950,10.0,5.054337291295018,0.0,1.0,1.0,1.0,control,1,0.0
951,8.0,4.320084659561312,0.0,0.0,0.0,1.0,womens_offer,1,0.0
952,10.0,2.705168078631301,0.0,1.0,0.0,0.0,control,0,0.091
953,9.0,3.976654013053548,0.0,1.0,0.0,1.0,womens_offer,0,0.091
954,4.0,3.3383394895912644,1.0,0.0,1.0,0.0,control,0,0.0
955,8.0,3.4407625952751513,0.0,0.0,0.0,1.0,womens_offer,0,0.0
956,5.0,4.086019143302683,0.0,1.0,1.0,0.0,control,0,0.26
957,6.0,3.3953808958319796,1.0,1.0,0.0,1.0,mens_offer,0,0.091
958,2.0,4.875719316410062,0.0,0.0,0.0,0.0,mens_offer,1,0.0
959,3.0,3.3997585340357817,1.0,0.0,1.0,1.0,control,0,0.0
960,5.0,4.891080531738608,0.0,0.0,0.0,0.0,control,0,0.0
961,4.0,3.979488650586025,0.0,1.0,1.0,0.0,control,0,0.26
962,8.0,4.778634830660995,1.0,0.0,1.0,0.0,womens_offer,0,0.0
963,4.0,3.5421763855841215,1.0,0.0,0.0,0.0,control,0,0.0
964,3.0,3.573697363362409,0.0,1.0,0.0,0.0,womens_offer,0,0.091
965,6.0,3.013165369015136,0.0,1.0,0.0,1.0,control,0,0.091
966,7.0,4.5310091569960775,0.0,1.0,0.0,0.0,control,0,0.091
967,12.0,4.851860244488773,1.0,1.0,1.0,0.0,control,1,0.0
968,7.0,5.909985617122197,1.0,1.0,0.0,0.0,mens_offer,0,0.0
969,5.0,5.167191632119374,0.0,0.0,1.0,0.0,control,0,0.0
970,4.0,4.239324872954111,0.0,1.0,0.0,0.0,mens_offer,0,0.091
971,6.0,3.8320302598690827,0.0,1.0,0.0,0.0,womens_offer,0,0.091
972,12.0,4.362659511244136,0.0,0.0,1.0,0.0,control,0,0.0
973,5.0,3.99364054322932,1.0,0.0,0.0,0.0,womens_offer,0,0.0
974,3.0,5.32202367194707,1.0,0.0,1.0,0.0,mens_offer,1,0.0
975,7.0,4.857350970781398,1.0,1.0,0.0,0.0,control,0,0.0
976,10.0,3.285071677387972,0.0,0.0,0.0,1.0,mens_offer,0,0.0
977,12.0,3.414575919233721,0.0,0.0,1.0,0.0,control,0,0.0
978,4.0,5.235890011620534,1.0,1.0,1.0,1.0,womens_offer,0,0.0
979,11.0,4.291057144503347,0.0,1.0,1.0,1.0,womens_offer,0,0.26
980,11.0,3.8137295614756552,0.0,0.0,0.0,1.0,womens_offer,1,0.0
981,5.0,5.073979673773838,0.0,0.0,0.0,1.0,mens_offer,1,0.0
982,5.0,3.6767948915268245,1.0,1.0,0.0,1.0,control,0,0.091
983,4.0,3.7714888536202738,1.0,0.0,0.0,0.0,mens_offer,0,0.0
984,4.0,3.6123060550604116,1.0,0.0,1.0,1.0,womens_offer,0,0.0
985,11.0,2.336190133082517,1.0,1.0,0.0,0.0,womens_offer,0,-0.04
986,4.0,4.786210316150817,1.0,0.0,1.0,0.0,mens_offer,0,0.0
987,6.0,2.9647735443028176,1.0,0.0,0.0,0.0,control,0,0.0
988,12.0,3.518275538591561,0.0,1.0,1.0,0.0,mens_offer,0,0.26
989,9.0,3.3656649213110454,0.0,1.0,0.0,1.0,womens_offer,0,0.091
990,2.0,4.66376716178846,0.0,1.0,0.0,0.0,control,1,0.091
991,1.0,3.957569936927894,0.0,0.0,0.0,0.0,mens_offer,0,0.0
992,3.0,4.031776959056839,1.0,1.0,1.0,0.0,mens_offer,1,0.26
993,11.0,2.5682539987076396,1.0,0.0,0.0,0.0,womens_offer,0,-0.04
994,3.0,3.9409280774461752,0.0,0.0,0.0,0.0,mens_offer,0,0.0
995,4.0,2.7381755999305124,1.0,0.0,0.0,0.0,control,0,0.0
996,7.0,4.290273205086306,0.0,0.0,1.0,1.0,womens_offer,0,0.0
997,6.0,4.343131644236868,1.0,0.0,0.0,1.0,mens_offer,1,0.0
998,1.0,4.002775992824795,1.0,0.0,0.0,0.0,womens_offer,0,0.0
999,3.0,5.841737334837751,0.0,0.0,0.0,0.0,mens_offer,1,0.0
1000,12.0,4.486282360035494,1.0,1.0,1.0,0.0,mens_offer,0,-0.04
1001,6.0,4.546898368884448,1.0,0.0,1.0,0.0,control,0,0.0
1002,4.0,4.144065552858566,1.0,1.0,0.0,0.0,womens_offer,0,0.091
1003,10.0,3.8480691676954413,0.0,0.0,0.0,0.0,control,0,0.0
1004,6.0,4.876975640223775,1.0,0.0,1.0,1.0,mens_offer,1,0.0
1005,10.0,4.998078385146624,0.0,0.0,1.0,1.0,womens_offer,0,0.0
1006,2.0,2.8863511018242347,1.0,1.0,1.0,1.0,mens_offer,0,0.26
1007,6.0,4.956105834662275,1.0,0.0,1.0,1.0,control,0,0.0
1008,10.0,4.4739090447823,1.0,1.0,1.0,1.0,control,0,-0.04
1009,10.0,4.872315141042697,0.0,1.0,0.0,0.0,womens_offer,0,0.0
1010,9.0,4.431528521830581,1.0,1.0,0.0,0.0,mens_offer,0,-0.04
1011,6.0,2.934764685430867,1.0,1.0,0.0,0.0,mens_offer,1,0.091
1012,10.0,2.995671677980658,1.0,0.0,1.0,0.0,mens_offer,0,-0.04
1013,5.0,5.645670510072667,1.0,1.0,0.0,0.0,control,1,0.0
1014,8.0,4.241669486539147,1.0,1.0,0.0,0.0,womens_offer,0,0.091
1015,7.0,2.787990196574263,0.0,1.0,0.0,0.0,womens_offer,0,0.091
1016,4.0,4.326618999245757,0.0,1.0,0.0,1.0,mens_offer,0,0.091
1017,3.0,3.6991447333922824,1.0,0.0,0.0,0.0,womens_offer,0,0.0
1018,7.0,2.4328120695911553,0.0,1.0,0.0,0.0,mens_offer,0,0.091
1019,4.0,2.073249721792512,0.0,1.0,0.0,1.0,womens_offer,0,0.091
1020,7.0,2.632234698273313,0.0,1.0,1.0,0.0,womens_offer,1,0.26
1021,9.0,4.258852703522429,0.0,0.0,0.0,0.0,control,0,0.0
1022,10.0,3.9756798681307215,0.0,1.0,0.0,1.0,mens_offer,1,0.091
1023,10.0,3.7984177568634707,0.0,0.0,1.0,0.0,control,0,0.0
1024,7.0,4.270286722318382,1.0,0.0,1.0,0.0,womens_offer,0,0.0
1025,1.0,4.551623493104555,0.0,1.0,0.0,1.0,control,0,0.091
1026,3.0,2.2224209656639773,0.0,1.0,1.0,1.0,mens_offer,0,0.26
1027,9.0,3.752697754363749,1.0,0.0,0.0,0.0,mens_offer,0,-0.04
1028,8.0,3.2927365767246806,1.0,0.0,1.0,1.0,mens_offer,0,0.0
1029,10.0,2.944204755305464,1.0,1.0,1.0,1.0,womens_offer,0,-0.04
1030,6.0,3.5370496761351817,0.0,1.0,0.0,1.0,mens_offer,0,0.091
1031,6.0,3.9096659797610616,1.0,0.0,0.0,0.0,mens_offer,1,0.0
1032,3.0,3.783289646892272,0.0,0.0,1.0,0.0,control,0,0.0
1033,1.0,2.7564248754451084,0.0,1.0,1.0,0.0,control,0,0.26
1034,2.0,3.5930649063435185,0.0,1.0,1.0,0.0,womens_offer,0,0.26
1035,9.0,5.817229876513046,1.0,0.0,0.0,0.0,control,1,0.0
1036,7.0,3.0971316185404745,1.0,0.0,1.0,0.0,womens_offer,0,0.0
1037,3.0,2.5619125140883336,1.0,1.0,0.0,1.0,mens_offer,0,0.091
1038,5.0,4.261913007010742,1.0,0.0,1.0,0.0,womens_offer,0,0.0
1039,8.0,4.547614288785744,0.0,0.0,0.0,1.0,mens_offer,0,0.0
1040,5.0,4.429630188036014,1.0,0.0,1.0,0.0,womens_offer,0,0.0
1041,5.0,3.0412102782065165,0.0,0.0,0.0,0.0,womens_offer,0,0.0
1042,4.0,4.905717110951889,1.0,0.0,0.0,1.0,control,0,0.0
1043,8.0,3.3296629312350405,1.0,0.0,0.0,0.0,control,0,0.0
1044,11.0,3.0282233264015477,0.0,0.0,0.0,0.0,mens_offer,0,0.0
1045,4.0,3.4835495439003776,1.0,1.0,0.0,1.0,control,0,0.091
1046,4.0,3.922166312531643,0.0,0.0,1.0,0.0,mens_offer,0,0.0
1047,6.0,4.652268022564355,0.0,0.0,0.0,1.0,mens_offer,0,0.0
1048,3.0,4.5718413653369385,0.0,1.0,0.0,0.0,mens_offer,0,0.091
1049,7.0,3.9982684377630635,1.0,0.0,1.0,1.0,womens_offer,0,0.0
1050,11.0,4.847493978136578,1.0,1.0,1.0,1.0,control,1,0.0
1051,8.0,4.090217826033051,0.0,0.0,1.0,0.0,womens_offer,0,0.0
1052,2.0,4.814529623261158,1.0,1.0,1.0,0.0,mens_offer,0,0.0
1053,3.0,2.799300909769079,1.0,0.0,0.0,0.0,womens_offer,0,0.0
1054,1.0,2.656055701914009,1.0,1.0,0.0,0.0,mens_offer,0,0.091
1055,12.0,4.707219270451623,1.0,1.0,0.0,0.0,control,0,-0.04
1056,5.0,2.8109579652548353,0.0,1.0,1.0,1.0,womens_offer,1,0.26
1057,4.0,3.7523743076025324,0.0,0.0,1.0,0.0,control,0,0.0
1058,11.0,3.931516337365344,1.0,1.0,0.0,0.0,womens_offer,1,-0.04
1059,4.0,3.588862855854159,1.0,1.0,0.0,0.0,mens_offer,1,0.091
1060,3.0,3.619033940110292,1.0,1.0,1.0,0.0,mens_offer,0,0.26
1061,4.0,5.258580158228102,0.0,1.0,1.0,0.0,womens_offer,1,0.0
1062,5.0,1.8875720124407112,0.0,0.0,1.0,0.0,mens_offer,0,0.0
1063,1.0,4.803719264815445,0.0,1.0,0.0,0.0,womens_offer,0,0.0
1064,8.0,6.067973655460043,1.0,0.0,1.0,1.0,womens_offer,0,0.0
1065,6.0,4.038998207192358,1.0,1.0,1.0,1.0,mens_offer,0,0.26
1066,12.0,4.001382357895222,1.0,0.0,0.0,0.0,womens_offer,0,-0.04
1067,10.0,4.663214598312794,0.0,0.0,0.0,1.0,womens_offer,0,0.0
1068,5.0,5.649494588814288,1.0,0.0,0.0,0.0,control,0,0.0
1069,9.0,2.9827378567550142,0.0,1.0,1.0,1.0,control,0,0.26
1070,10.0,4.0957044849099695,1.0,0.0,1.0,1.0,womens_offer,0,-0.04
1071,3.0,3.853831400763853,0.0,0.0,0.0,0.0,mens_offer,1,0.0
1072,2.0,4.514453128661004,0.0,0.0,1.0,0.0,womens_offer,0,0.0
1073,2.0,4.1590143010726734,0.0,0.0,1.0,0.0,womens_offer,0,0.0
1074,1.0,4.603752470644872,0.0,0.0,0.0,0.0,control,0,0.0
1075,4.0,3.6469470485111835,0.0,0.0,0.0,0.0,control,0,0.0
1076,10.0,4.061475577035245,1.0,0.0,1.0,1.0,mens_offer,0,-0.04
1077,10.0,3.429627337240406,1.0,0.0,1.0,0.0,womens_offer,0,-0.04
1078,5.0,3.4348980231743456,0.0,0.0,0.0,0.0,mens_offer,0,0.0
1079,6.0,3.893204611110717,1.0,0.0,0.0,1.0,control,0,0.0
1080,10.0,3.8927901768241195,0.0,1.0,1.0,0.0,womens_offer,1,0.26
1081,12.0,2.996041646252504,0.0,1.0,0.0,0.0,mens_offer,0,0.091
1082,4.0,5.41750064503719,1.0,0.0,1.0,0.0,womens_offer,1,0.0
1083,8.0,3.8988967119002464,1.0,0.0,0.0,0.0,mens_offer,0,0.0
1084,8.0,2.816356953800481,1.0,1.0,0.0,0.0,control,0,0.091
1085,8.0,4.998154414263852,0.0,0.0,1.0,0.0,control,0,0.0
1086,10.0,3.3618324550961756,1.0,0.0,0.0,0.0,mens_offer,0,-0.04
1087,10.0,4.468978378361466,0.0,1.0,1.0,1.0,mens_offer,0,0.26
1088,5.0,4.003112194485029,0.0,0.0,0.0,0.0,control,0,0.0
1089,10.0,4.240066028158681,1.0,0.0,0.0,0.0,mens_offer,0,-0.04
1090,1.0,4.16949972189763,0.0,0.0,0.0,0.0,control,0,0.0
1091,5.0,3.5126212659860823,0.0,1.0,0.0,0.0,mens_offer,0,0.091
1092,3.0,4.054350617259176,0.0,0.0,1.0,1.0,mens_offer,1,0.0
1093,4.0,5.832717253822379,1.0,1.0,1.0,1.0,womens_offer,0,0.0
1094,11.0,2.114743244787573,1.0,1.0,0.0,0.0,womens_offer,0,-0.04
1095,6.0,4.076474171573107,0.0,1.0,1.0,1.0,control,0,0.26
1096,1.0,4.403789639625387,0.0,1.0,0.0,1.0,mens_offer,0,0.091
1097,6.0,3.099093862301134,1.0,1.0,1.0,0.0,womens_offer,0,0.26
1098,1.0,2.8276595213753084,0.0,1.0,0.0,0.0,womens_offer,0,0.091
1099,2.0,5.945644965786576,0.0,0.0,0.0,0.0,control,1,0.0
1100,5.0,3.6909123753298276,1.0,0.0,0.0,0.0,mens_offer,0,0.0
1101,6.0,5.873911459473945,0.0,1.0,1.0,0.0,control,1,0.0
1102,3.0,4.49343216875362,1.0,0.0,0.0,1.0,control,0,0.0
1103,8.0,4.0854849147024055,0.0,1.0,1.0,0.0,mens_offer,0,0.26
1104,6.0,4.4402366983750765,0.0,0.0,0.0,1.0,control,0,0.0
1105,2.0,4.581794168117912,1.0,1.0,1.0,0.0,control,0,0.26
1106,10.0,5.068004566706519,1.0,1.0,0.0,1.0,womens_offer,0,0.0
1107,2.0,4.404531394007808,0.0,1.0,1.0,0.0,control,1,0.26
1108,5.0,4.146102116995903,0.0,0.0,0.0,1.0,mens_offer,0,0.0
1109,3.0,4.1741664032054935,1.0,0.0,0.0,0.0,control,0,0.0
1110,12.0,5.222132410602546,0.0,0.0,1.0,1.0,control,0,0.0
1111,4.0,4.744013162745148,0.0,1.0,0.0,0.0,control,0,0.091
1112,11.0,3.142323067510528,0.0,0.0,0.0,0.0,control,0,0.0
1113,12.0,3.4598724965084937,0.0,1.0,0.0,0.0,womens_offer,0,0.091
1114,3.0,4.311182446594837,0.0,1.0,0.0,1.0,womens_offer,0,0.091
1115,1.0,3.4709517059320976,1.0,1.0,0.0,0.0,womens_offer,1,0.091
1116,1.0,3.6865395598670676,0.0,1.0,0.0,1.0,control,0,0.091
1117,3.0,3.182058248939656,1.0,0.0,0.0,1.0,womens_offer,0,0.0
1118,5.0,3.7874355826953057,1.0,0.0,1.0,0.0,control,0,0.0
1119,2.0,4.393696804103086,0.0,0.0,1.0,0.0,control,1,0.0
1120,12.0,4.903096705359818,0.0,1.0,0.0,1.0,control,0,0.0
1121,6.0,4.026308962505046,1.0,1.0,1.0,0.0,womens_offer,1,0.26
1122,11.0,5.8701913501703595,1.0,0.0,0.0,1.0,control,1,0.0
1123,1.0,3.9506575344491917,0.0,1.0,1.0,0.0,mens_offer,0,0.26
1124,2.0,6.875114554068969,0.0,0.0,1.0,0.0,womens_offer,0,0.0
1125,6.0,4.908894892108933,1.0,0.0,0.0,1.0,womens_offer,1,0.0
1126,2.0,4.458695189065807,1.0,1.0,1.0,0.0,control,0,0.26
1127,2.0,3.57916526687374,1.0,1.0,0.0,0.0,control,0,0.091
1128,1.0,1.667171673503148,1.0,1.0,0.0,1.0,mens_offer,0,0.091
1129,4.0,3.881222815349758,0.0,1.0,0.0,0.0,womens_offer,0,0.091
1130,10.0,4.175877386007361,0.0,0.0,1.0,1.0,mens_offer,0,0.0
1131,10.0,5.733449028559547,1.0,0.0,0.0,1.0,control,1,0.0
1132,7.0,2.819700662016011,0.0,0.0,0.0,1.0,mens_offer,0,0.0
1133,3.0,5.718587479129279,0.0,0.0,1.0,0.0,womens_offer,0,0.0
1134,6.0,3.796583151555005,1.0,1.0,1.0,0.0,mens_offer,0,0.26
1135,8.0,4.661151744066575,1.0,1.0,0.0,1.0,womens_offer,1,0.091
1136,2.0,1.8797534014684072,1.0,1.0,0.0,1.0,womens_offer,0,0.091
1137,5.0,4.141159573992366,1.0,0.0,0.0,1.0,control,1,0.0
1138,10.0,3.7152908327291536,0.0,0.0,0.0,0.0,mens_offer,0,0.0
1139,6.0,4.624047927148783,1.0,1.0,1.0,0.0,control,0,0.26
1140,6.0,4.09883395925136,0.0,1.0,0.0,0.0,mens_offer,1,0.091
1141,10.0,3.0219182391784227,0.0,0.0,0.0,0.0,control,0,0.0
1142,9.0,4.860069009533475,0.0,0.0,0.0,0.0,control,0,0.0
1143,2.0,4.634920166203836,1.0,1.0,1.0,0.0,control,1,0.26
1144,8.0,4.547738985667285,1.0,0.0,0.0,0.0,control,1,0.0
1145,12.0,4.91538374718279,1.0,0.0,1.0,1.0,mens_offer,0,0.0
1146,3.0,4.99764742455019,0.0,0.0,1.0,0.0,mens_offer,0,0.0
1147,11.0,3.9988759290196287,1.0,1.0,0.0,0.0,womens_offer,0,-0.04
1148,8.0,2.838409058746353,0.0,1.0,0.0,1.0,womens_offer,1,0.091
1149,9.0,2.8152895528434962,1.0,1.0,1.0,0.0,womens_offer,0,-0.04
1150,4.0,5.220197041081675,0.0,1.0,0.0,1.0,mens_offer,0,0.0
1151,1.0,4.649019770514673,0.0,1.0,0.0,0.0,control,0,0.091
1152,1.0,4.108397047043659,0.0,1.0,0.0,1.0,mens_offer,0,0.091
1153,8.0,3.6355401724938665,0.0,1.0,0.0,1.0,mens_offer,0,0.091
1154,12.0,4.046047541857097,0.0,1.0,1.0,0.0,womens_offer,0,0.26
1155,8.0,4.040067724690544,0.0,1.0,1.0,0.0,mens_offer,0,0.26
1156,5.0,3.7214145019365095,0.0,1.0,1.0,1.0,mens_offer,0,0.26
1157,10.0,3.404659932768621,1.0,0.0,0.0,0.0,control,0,-0.04
1158,12.0,5.950493120836932,1.0,0.0,1.0,1.0,womens_offer,1,0.0
1159,3.0,4.220504165281263,1.0,1.0,1.0,0.0,control,0,0.26
1160,2.0,3.485881405395675,1.0,0.0,1.0,0.0,mens_offer,0,0.0
1161,12.0,2.8855852175033285,0.0,1.0,0.0,0.0,womens_offer,0,0.091
1162,1.0,3.381464680950606,0.0,0.0,0.0,1.0,womens_offer,0,0.0
1163,11.0,4.657291309065428,1.0,1.0,0.0,0.0,mens_offer,0,-0.04
1164,2.0,4.691758203288923,0.0,1.0,0.0,0.0,mens_offer,0,0.091
1165,2.0,3.8255299690033113,0.0,0.0,1.0,1.0,control,0,0.0
1166,4.0,4.063871326116795,1.0,0.0,1.0,0.0,control,0,0.0
1167,4.0,3.749269088588595,0.0,0.0,1.0,0.0,control,0,0.0
1168,4.0,3.05139509823196,1.0,0.0,0.0,0.0,mens_offer,1,0.0
1169,1.0,5.177177516409854,1.0,0.0,0.0,0.0,control,0,0.0
1170,11.0,4.348383759054731,1.0,0.0,1.0,0.0,control,0,-0.04
1171,10.0,6.230689760882634,1.0,0.0,0.0,0.0,mens_offer,1,0.0
1172,9.0,3.354980704474828,0.0,1.0,1.0,0.0,womens_offer,0,0.26
1173,11.0,3.8967370793613476,0.0,1.0,0.0,0.0,womens_offer,0,0.091
1174,12.0,4.802912859420058,1.0,0.0,0.0,0.0,mens_offer,1,0.0
1175,12.0,3.801993957756529,1.0,1.0,0.0,1.0,control,0,-0.04
1176,5.0,2.8129775348901727,0.0,0.0,1.0,1.0,womens_offer,0,0.0
1177,8.0,3.1881406949793294,1.0,1.0,0.0,0.0,womens_offer,0,0.091
1178,10.0,4.1072646255072645,1.0,1.0,1.0,1.0,mens_offer,0,-0.04
1179,8.0,4.322387571566613,0.0,1.0,1.0,0.0,mens_offer,0,0.26
1180,10.0,3.93460237705041,1.0,0.0,0.0,1.0,control,0,-0.04
1181,9.0,4.91053245639195,1.0,0.0,0.0,0.0,mens_offer,0,0.0
1182,5.0,4.900956264262675,0.0,1.0,0.0,0.0,womens_offer,0,0.0
1183,7.0,4.3041063168518265,1.0,1.0,0.0,0.0,control,1,0.091
1184,3.0,4.041922460769569,1.0,0.0,0.0,0.0,control,0,0.0
1185,12.0,3.7951333399596976,0.0,1.0,0.0,0.0,control,0,0.091
1186,11.0,4.507015251536681,0.0,1.0,1.0,0.0,control,1,0.26
1187,8.0,4.835636655767735,1.0,1.0,1.0,0.0,control,0,0.0
1188,10.0,4.071739034694043,0.0,0.0,0.0,0.0,mens_offer,0,0.0
1189,5.0,4.417140521225492,1.0,1.0,0.0,0.0,mens_offer,0,0.091
1190,5.0,3.7323458892952908,0.0,0.0,0.0,1.0,mens_offer,0,0.0
1191,7.0,2.7928102280268514,1.0,0.0,1.0,1.0,womens_offer,0,0.0
1192,4.0,3.1432420947340685,1.0,0.0,0.0,0.0,mens_offer,1,0.0
1193,1.0,4.698341531944323,1.0,1.0,1.0,0.0,mens_offer,1,0.26
1194,5.0,4.414477401752417,1.0,1.0,0.0,1.0,mens_offer,0,0.091
1195,9.0,5.435560622756094,1.0,0.0,0.0,0.0,mens_offer,0,0.0
1196,4.0,4.067752566664733,0.0,0.0,1.0,0.0,control,0,0.0
1197,9.0,4.786671509329967,1.0,1.0,0.0,0.0,control,0,0.0
1198,8.0,5.196267816295573,1.0,0.0,1.0,0.0,mens_offer,1,0.0
1199,6.0,4.902461153762869,0.0,1.0,0.0,1.0,control,1,0.0
1200,9.0,3.4834889808504337,1.0,1.0,0.0,1.0,mens_offer,0,-0.04
1201,11.0,3.855285558187258,0.0,1.0,1.0,0.0,womens_offer,1,0.26
1202,12.0,4.1329607545947615,1.0,1.0,0.0,1.0,control,0,-0.04
1203,10.0,3.156237224065694,0.0,0.0,0.0,0.0,mens_offer,0,0.0
1204,2.0,4.438740766918225,0.0,1.0,0.0,1.0,womens_offer,0,0.091
1205,5.0,4.9288507608917715,1.0,1.0,1.0,1.0,womens_offer,0,0.0
1206,7.0,3.5950732907472025,1.0,1.0,0.0,0.0,womens_offer,0,0.091
1207,1.0,5.778397260016425,0.0,1.0,1.0,1.0,control,1,0.0
1208,6.0,3.7618631618491665,1.0,1.0,0.0,0.0,mens_offer,0,0.091
1209,2.0,3.8390858638019036,1.0,0.0,1.0,1.0,control,1,0.0
1210,7.0,3.807991706232882,1.0,0.0,0.0,0.0,mens_offer,1,0.0
1211,3.0,3.3966116098080352,1.0,1.0,1.0,0.0,womens_offer,1,0.26
1212,4.0,4.388568589873697,0.0,1.0,0.0,0.0,womens_offer,0,0.091
1213,4.0,4.035851901952986,1.0,0.0,0.0,1.0,control,0,0.0
1214,12.0,5.4993325559337345,0.0,1.0,0.0,1.0,control,1,0.0
1215,6.0,4.5571265320081285,1.0,0.0,0.0,0.0,mens_offer,0,0.0
1216,7.0,4.495146361791164,1.0,0.0,0.0,0.0,control,1,0.0
1217,12.0,3.8227266815333913,0.0,0.0,0.0,0.0,mens_offer,0,0.0
1218,1.0,2.7905434791504184,1.0,1.0,0.0,1.0,mens_offer,1,0.091
1219,4.0,3.939104529616061,1.0,1.0,0.0,0.0,womens_offer,0,0.091
1220,6.0,3.2733525404366173,0.0,0.0,0.0,0.0,mens_offer,0,0.0
1221,11.0,4.864405282619629,0.0,0.0,1.0,0.0,control,0,0.0
1222,9.0,3.9912508146623358,0.0,1.0,0.0,0.0,womens_offer,0,0.091
1223,9.0,5.503250396476051,1.0,0.0,0.0,0.0,womens_offer,1,0.0
1224,5.0,4.671184545166086,0.0,1.0,1.0,0.0,control,0,0.26
1225,11.0,4.760579856879053,0.0,1.0,1.0,1.0,mens_offer,1,0.26
1226,3.0,4.222363949699386,1.0,1.0,0.0,1.0,control,0,0.091
1227,5.0,4.202870610083959,0.0,1.0,0.0,1.0,womens_offer,0,0.091
1228,5.0,4.59806791440121,0.0,0.0,0.0,0.0,womens_offer,0,0.0
1229,1.0,4.838353549027015,0.0,1.0,1.0,0.0,womens_offer,1,0.0
1230,2.0,3.394616033029834,0.0,1.0,0.0,1.0,womens_offer,0,0.091
1231,10.0,4.4547439833701326,1.0,0.0,0.0,1.0,womens_offer,0,-0.04
1232,12.0,6.360708138396709,0.0,0.0,1.0,1.0,womens_offer,1,0.0
1233,3.0,3.9389398340343034,1.0,0.0,1.0,0.0,control,0,0.0
1234,1.0,3.792801058195361,0.0,1.0,1.0,1.0,womens_offer,0,0.26
1235,2.0,3.410364014639401,0.0,1.0,0.0,0.0,control,0,0.091
1236,1.0,2.7615696585646345,0.0,0.0,0.0,0.0,mens_offer,0,0.0
1237,10.0,5.076260566264395,1.0,0.0,1.0,0.0,womens_offer,0,0.0
1238,1.0,4.072058045995997,1.0,0.0,0.0,0.0,womens_offer,0,0.0
1239,9.0,4.283554402526323,0.0,0.0,1.0,0.0,mens_offer,0,0.0
1240,10.0,5.663826092510817,0.0,0.0,0.0,0.0,womens_offer,1,0.0
1241,3.0,6.2601830432441306,0.0,0.0,0.0,0.0,mens_offer,1,0.0
1242,3.0,3.2402499182846425,1.0,1.0,1.0,0.0,control,0,0.26
1243,4.0,4.956167413612322,1.0,0.0,0.0,0.0,mens_offer,0,0.0
1244,10.0,4.571853487473484,1.0,1.0,1.0,1.0,mens_offer,0,-0.04
1245,12.0,4.372335191466548,0.0,1.0,1.0,0.0,womens_offer,1,0.26
1246,10.0,4.443801624826592,0.0,1.0,0.0,0.0,womens_offer,1,0.091
1247,4.0,3.9991178475741087,1.0,1.0,0.0,1.0,womens_offer,1,0.091
1248,9.0,5.43651894794677,0.0,0.0,0.0,1.0,control,1,0.0
1249,9.0,4.565443318537619,1.0,1.0,0.0,0.0,control,1,-0.04
1250,6.0,4.32564011423412,1.0,0.0,1.0,0.0,control,0,0.0
1251,2.0,5.1304134579421365,1.0,1.0,0.0,0.0,control,1,0.0
1252,4.0,4.817292674969329,0.0,1.0,0.0,0.0,mens_offer,0,0.0
1253,10.0,4.428517855102293,0.0,0.0,0.0,0.0,control,0,0.0
1254,7.0,4.310122500720094,1.0,0.0,1.0,0.0,control,0,0.0
1255,2.0,5.586364173244091,1.0,0.0,0.0,1.0,womens_offer,1,0.0
1256,11.0,4.472556105457414,1.0,1.0,0.0,0.0,womens_offer,1,-0.04
1257,7.0,3.941293276606238,1.0,1.0,1.0,0.0,control,0,0.26
1258,5.0,3.269840128155486,0.0,1.0,0.0,0.0,womens_offer,1,0.091
1259,1.0,3.717510740996099,1.0,1.0,1.0,0.0,mens_offer,1,0.26
1260,7.0,3.1037100338223316,1.0,0.0,0.0,1.0,control,1,0.0
1261,7.0,4.1158584635809845,0.0,1.0,1.0,0.0,mens_offer,0,0.26
1262,2.0,4.248245479698341,1.0,0.0,0.0,0.0,womens_offer,0,0.0
1263,11.0,2.2663464862192786,0.0,0.0,0.0,1.0,control,0,0.0
1264,7.0,4.036815963929096,0.0,1.0,0.0,0.0,womens_offer,0,0.091
1265,2.0,4.596853237774371,1.0,1.0,1.0,0.0,control,1,0.26
1266,3.0,4.167963881013503,0.0,1.0,0.0,0.0,control,0,0.091
1267,4.0,3.1854848565588787,1.0,0.0,1.0,0.0,control,0,0.0
1268,9.0,5.150098490175497,1.0,1.0,1.0,0.0,womens_offer,1,0.0
1269,10.0,3.4092609021552076,1.0,0.0,1.0,0.0,mens_offer,0,-0.04
1270,10.0,2.950555105950606,0.0,1.0,0.0,0.0,womens_offer,0,0.091
1271,8.0,3.0768450474441087,1.0,0.0,1.0,0.0,mens_offer,0,0.0
1272,11.0,4.007555275781116,0.0,1.0,0.0,0.0,womens_offer,1,0.091
1273,4.0,4.894363254930098,0.0,1.0,1.0,1.0,mens_offer,0,0.0
1274,7.0,5.057561227208439,0.0,1.0,0.0,0.0,mens_offer,1,0.0
1275,8.0,4.205878389101381,1.0,1.0,1.0,0.0,control,0,0.26
1276,5.0,2.9798721531604686,0.0,1.0,1.0,0.0,womens_offer,0,0.26
1277,6.0,3.443266869008673,1.0,0.0,0.0,0.0,mens_offer,1,0.0
1278,9.0,3.234002005770054,0.0,1.0,1.0,1.0,control,0,0.26
1279,11.0,3.862364221392246,0.0,0.0,0.0,1.0,womens_offer,0,0.0
1280,12.0,2.4912964838901286,1.0,1.0,0.0,1.0,womens_offer,0,-0.04
1281,4.0,4.117887888332524,0.0,1.0,1.0,0.0,control,0,0.26
1282,9.0,4.592073464274303,1.0,0.0,0.0,0.0,control,1,-0.04
1283,10.0,3.8878031311007883,0.0,1.0,1.0,1.0,control,0,0.26
1284,12.0,4.4272723358541715,0.0,0.0,0.0,0.0,womens_offer,0,0.0
1285,8.0,3.197998943666705,0.0,1.0,1.0,0.0,womens_offer,0,0.26
1286,3.0,2.7572743941105275,1.0,1.0,0.0,1.0,womens_offer,1,0.091
1287,9.0,3.4595347254378117,0.0,0.0,0.0,1.0,womens_offer,0,0.0
1288,3.0,5.048691196972206,1.0,1.0,1.0,1.0,control,1,0.0
1289,5.0,4.935030396083176,0.0,1.0,0.0,0.0,womens_offer,0,0.0
1290,6.0,3.616868527277179,1.0,1.0,0.0,0.0,control,0,0.091
1291,9.0,5.09033932633524,1.0,0.0,1.0,0.0,control,1,0.0
1292,3.0,3.732546083119446,0.0,1.0,0.0,0.0,womens_offer,0,0.091
1293,9.0,5.366087125851006,1.0,1.0,0.0,0.0,womens_offer,0,0.0
1294,2.0,4.446807900650139,0.0,1.0,0.0,0.0,mens_offer,1,0.091
1295,5.0,3.62098932316022,0.0,1.0,0.0,0.0,womens_offer,0,0.091
1296,2.0,4.725256028978411,0.0,1.0,1.0,0.0,control,0,0.26
1297,1.0,3.3394267349687605,1.0,0.0,1.0,1.0,mens_offer,0,0.0
1298,4.0,3.1998957689484655,1.0,1.0,1.0,0.0,womens_offer,0,0.26
1299,12.0,2.7598908403723494,0.0,1.0,0.0,0.0,womens_offer,0,0.091
1300,7.0,4.247134707190152,0.0,1.0,0.0,0.0,womens_offer,0,0.091
1301,9.0,3.971187832429179,1.0,1.0,0.0,0.0,control,0,-0.04
1302,3.0,3.9500397724663703,0.0,0.0,0.0,1.0,control,0,0.0
1303,3.0,3.6572745533074906,1.0,0.0,1.0,0.0,mens_offer,0,0.0
1304,11.0,5.299104797622792,0.0,0.0,1.0,1.0,control,1,0.0
1305,9.0,3.6452174424016506,0.0,1.0,0.0,1.0,control,0,0.091
1306,6.0,3.3834480554163986,0.0,0.0,0.0,0.0,mens_offer,0,0.0
1307,4.0,5.127450408196984,0.0,1.0,0.0,1.0,womens_offer,1,0.0
1308,11.0,5.284239179615478,0.0,1.0,1.0,0.0,mens_offer,0,0.0
1309,6.0,4.318383826458026,0.0,0.0,1.0,1.0,womens_offer,0,0.0
1310,1.0,2.518028938668884,1.0,0.0,0.0,1.0,womens_offer,0,0.0
1311,11.0,3.491198141892252,1.0,1.0,1.0,0.0,womens_offer,0,-0.04
1312,6.0,4.562107744533806,0.0,0.0,1.0,1.0,control,0,0.0
1313,6.0,4.033816420889305,1.0,1.0,0.0,0.0,control,0,0.091
1314,5.0,5.403180425026171,0.0,0.0,1.0,0.0,womens_offer,1,0.0
1315,4.0,2.8305671644103554,1.0,1.0,1.0,0.0,control,0,0.26
1316,8.0,4.620440154916956,0.0,0.0,1.0,0.0,womens_offer,1,0.0
1317,4.0,3.4673662180198415,0.0,1.0,0.0,0.0,control,0,0.091
1318,7.0,5.196289733205668,1.0,1.0,1.0,1.0,control,0,0.0
1319,1.0,3.9518018781943147,0.0,0.0,0.0,1.0,womens_offer,0,0.0
1320,11.0,4.934799111747084,0.0,1.0,0.0,0.0,control,0,0.0
1321,3.0,3.4495006524740117,1.0,0.0,0.0,1.0,womens_offer,0,0.0
1322,8.0,2.7945429704345464,1.0,1.0,1.0,1.0,mens_offer,0,0.26
1323,4.0,3.0492115093957186,0.0,0.0,0.0,1.0,womens_offer,0,0.0
1324,3.0,3.4851010783305894,1.0,0.0,1.0,0.0,mens_offer,0,0.0
1325,3.0,3.122704731387155,1.0,1.0,0.0,0.0,womens_offer,0,0.091
1326,9.0,5.08661328065481,1.0,1.0,1.0,0.0,control,0,0.0
1327,1.0,5.210493345123981,1.0,1.0,1.0,1.0,womens_offer,1,0.0
1328,10.0,4.259965299439349,0.0,0.0,1.0,1.0,womens_offer,0,0.0
1329,6.0,3.114634760417534,1.0,0.0,1.0,0.0,mens_offer,0,0.0
1330,6.0,3.9136361355278164,0.0,0.0,0.0,1.0,control,0,0.0
1331,3.0,3.416016571540312,0.0,1.0,0.0,0.0,womens_offer,0,0.091
1332,5.0,5.313603330588237,1.0,0.0,0.0,1.0,womens_offer,0,0.0
1333,9.0,4.298037635968006,0.0,1.0,0.0,0.0,womens_offer,0,0.091
1334,11.0,4.452214050007279,0.0,0.0,0.0,0.0,womens_offer,0,0.0
1335,12.0,3.666191564489501,1.0,0.0,0.0,1.0,womens_offer,0,-0.04
1336,8.0,2.2959149514458543,1.0,0.0,0.0,0.0,womens_offer,0,0.0
1337,4.0,3.3419862729836796,0.0,0.0,1.0,1.0,womens_offer,0,0.0
1338,1.0,3.0438546065249192,0.0,0.0,1.0,1.0,womens_offer,0,0.0
1339,7.0,4.346269029223505,0.0,1.0,1.0,0.0,mens_offer,0,0.26
1340,7.0,4.103538267158093,1.0,1.0,0.0,0.0,womens_offer,0,0.091
1341,7.0,3.3155261663924667,1.0,0.0,0.0,0.0,mens_offer,1,0.0
1342,7.0,3.675904709676674,0.0,0.0,0.0,0.0,control,0,0.0
1343,1.0,5.414291510071629,0.0,0.0,0.0,1.0,control,0,0.0
1344,5.0,3.1791051754026265,1.0,0.0,0.0,0.0,control,0,0.0
1345,2.0,3.2148320569645477,1.0,1.0,0.0,1.0,womens_offer,0,0.091
1346,11.0,3.816737007682944,1.0,0.0,1.0,0.0,control,0,-0.04
1347,11.0,3.404562479338524,1.0,1.0,1.0,0.0,mens_offer,0,-0.04
1348,10.0,3.6407112984958445,1.0,0.0,1.0,0.0,mens_offer,0,-0.04
1349,6.0,4.489592528631491,0.0,1.0,0.0,0.0,control,0,0.091
1350,10.0,5.56284694850564,1.0,1.0,1.0,1.0,control,1,0.0
1351,10.0,2.4854201881967564,0.0,0.0,0.0,0.0,womens_offer,0,0.0
1352,5.0,4.0020277378026545,0.0,1.0,1.0,0.0,control,0,0.26
1353,1.0,4.054785946327344,0.0,1.0,0.0,1.0,womens_offer,0,0.091
1354,11.0,3.944021327293206,0.0,0.0,0.0,0.0,control,0,0.0
1355,8.0,3.853043484629363,1.0,1.0,0.0,0.0,womens_offer,0,0.091
1356,6.0,3.7182427151133366,1.0,1.0,0.0,1.0,womens_offer,0,0.091
1357,11.0,4.911164688860763,0.0,1.0,0.0,1.0,mens_offer,0,0.0
1358,12.0,3.6088330829934407,0.0,1.0,0.0,0.0,womens_offer,0,0.091
1359,11.0,3.905746863784886,0.0,0.0,1.0,0.0,womens_offer,0,0.0
1360,1.0,4.01804946864959,1.0,0.0,0.0,0.0,womens_offer,0,0.0
1361,1.0,4.113236002856853,0.0,1.0,0.0,0.0,control,0,0.091
1362,6.0,3.8673579382992274,0.0,1.0,1.0,1.0,mens_offer,0,0.26
1363,7.0,4.906745336786298,1.0,0.0,0.0,0.0,womens_offer,0,0.0
1364,3.0,4.0104800395521485,1.0,1.0,0.0,0.0,womens_offer,0,0.091
1365,5.0,4.172193302244771,0.0,0.0,1.0,0.0,mens_offer,1,0.0
1366,7.0,3.972694215273596,1.0,0.0,1.0,0.0,womens_offer,0,0.0
1367,10.0,3.1414594786379606,1.0,1.0,0.0,1.0,control,0,-0.04
1368,10.0,3.29095794262274,0.0,1.0,1.0,0.0,control,0,0.26
1369,1.0,3.1010400180181112,1.0,0.0,0.0,1.0,womens_offer,0,0.0
1370,5.0,4.188666406857804,0.0,1.0,0.0,0.0,mens_offer,0,0.091
1371,4.0,3.3920735990798754,0.0,0.0,0.0,1.0,control,1,0.0
1372,4.0,3.091260530912902,1.0,0.0,1.0,0.0,mens_offer,0,0.0
1373,10.0,4.228969843993201,0.0,0.0,0.0,0.0,womens_offer,0,0.0
1374,6.0,4.4838822582606594,1.0,0.0,1.0,1.0,womens_offer,0,0.0
1375,6.0,2.500846551826894,1.0,1.0,0.0,0.0,womens_offer,0,0.091
1376,12.0,5.524700574486666,0.0,1.0,0.0,0.0,control,1,0.0
1377,6.0,4.046687780182543,1.0,0.0,1.0,1.0,control,0,0.0
1378,10.0,3.9252832980766517,1.0,1.0,0.0,0.0,control,0,-0.04
1379,12.0,4.967085443916193,0.0,0.0,0.0,0.0,mens_offer,1,0.0
1380,12.0,4.0798851523412045,1.0,0.0,1.0,1.0,womens_offer,0,-0.04
1381,4.0,3.487578904005642,0.0,0.0,0.0,1.0,mens_offer,0,0.0
1382,5.0,5.977654907717754,1.0,0.0,1.0,1.0,mens_offer,1,0.0
1383,1.0,3.0800884265746467,1.0,1.0,0.0,1.0,womens_offer,0,0.091
1384,9.0,3.9319415229766324,0.0,1.0,0.0,0.0,control,0,0.091
1385,5.0,4.770983416035053,1.0,0.0,1.0,0.0,womens_offer,0,0.0
1386,1.0,3.084167636777406,1.0,1.0,0.0,1.0,mens_offer,0,0.091
1387,2.0,3.9280530475012063,1.0,1.0,0.0,0.0,mens_offer,1,0.091
1388,3.0,4.360759327403052,0.0,1.0,0.0,1.0,mens_offer,0,0.091
1389,1.0,6.1635895019652684,0.0,1.0,0.0,0.0,womens_offer,0,0.0
1390,1.0,3.2365738676699483,1.0,1.0,1.0,0.0,mens_offer,0,0.26
1391,7.0,3.9760424653771906,1.0,1.0,0.0,0.0,mens_offer,0,0.091
1392,3.0,4.602909613580765,0.0,1.0,1.0,0.0,control,0,0.26
1393,12.0,4.0898247210977665,0.0,1.0,0.0,0.0,womens_offer,0,0.091
1394,7.0,2.9700982699866,0.0,1.0,0.0,0.0,mens_offer,0,0.091
1395,7.0,4.379921529376161,0.0,0.0,0.0,0.0,womens_offer,1,0.0
1396,7.0,4.113284130922834,1.0,1.0,0.0,1.0,mens_offer,1,0.091
1397,8.0,4.413257723120618,1.0,1.0,0.0,0.0,mens_offer,0,0.091
1398,10.0,5.02491335720268,1.0,0.0,0.0,1.0,mens_offer,0,0.0
1399,4.0,4.91920845761382,1.0,0.0,1.0,0.0,control,1,0.0
1400,8.0,4.379595729625577,0.0,0.0,0.0,0.0,mens_offer,0,0.0
1401,7.0,4.293281742942423,0.0,0.0,0.0,1.0,mens_offer,0,0.0
1402,9.0,3.0594262297235217,0.0,1.0,1.0,0.0,womens_offer,1,0.26
1403,10.0,3.8995750263541566,0.0,1.0,0.0,0.0,womens_offer,0,0.091
1404,10.0,4.213198985502937,1.0,1.0,0.0,0.0,control,0,-0.04
1405,8.0,3.6650233247056576,1.0,0.0,1.0,1.0,womens_offer,0,0.0
1406,1.0,4.104483997515671,1.0,0.0,0.0,1.0,control,0,0.0
1407,10.0,3.2949851731032678,1.0,1.0,0.0,0.0,control,0,-0.04
1408,12.0,5.385486900653013,0.0,1.0,1.0,0.0,control,0,0.0
1409,7.0,5.93950808434732,0.0,0.0,1.0,0.0,womens_offer,1,0.0
1410,6.0,3.6750825441354906,1.0,0.0,1.0,0.0,control,0,0.0
1411,3.0,4.373016023266941,0.0,0.0,1.0,0.0,mens_offer,1,0.0
1412,6.0,3.811617179957218,1.0,0.0,0.0,1.0,mens_offer,1,0.0
1413,7.0,5.142435526064102,1.0,1.0,1.0,0.0,control,1,0.0
1414,10.0,4.403803346676774,0.0,1.0,0.0,1.0,womens_offer,1,0.091
1415,6.0,4.086540081122557,1.0,0.0,0.0,0.0,control,0,0.0
1416,3.0,3.8208559050749007,0.0,1.0,1.0,1.0,control,0,0.26
1417,2.0,4.1297325962298475,0.0,0.0,1.0,0.0,mens_offer,0,0.0
1418,7.0,3.1437448554160756,1.0,1.0,1.0,0.0,womens_offer,0,0.26
1419,8.0,4.617901799400298,1.0,1.0,0.0,1.0,control,0,0.091
1420,11.0,3.3916374250380597,1.0,0.0,0.0,0.0,womens_offer,0,-0.04
1421,10.0,4.492647754943804,1.0,1.0,1.0,0.0,womens_offer,0,-0.04
1422,7.0,4.132838899305603,0.0,1.0,0.0,1.0,womens_offer,0,0.091
1423,2.0,4.992262258233234,1.0,0.0,0.0,1.0,womens_offer,1,0.0
1424,10.0,4.003133531681582,0.0,0.0,1.0,0.0,control,0,0.0
1425,7.0,4.92803097544748,0.0,1.0,0.0,1.0,control,1,0.0
1426,11.0,3.2110326726791887,0.0,0.0,1.0,1.0,control,0,0.0
1427,9.0,4.55902770087094,0.0,0.0,1.0,0.0,control,0,0.0
1428,4.0,3.82047428679893,1.0,0.0,0.0,0.0,mens_offer,0,0.0
1429,5.0,4.190057391237292,1.0,1.0,0.0,0.0,mens_offer,1,0.091
1430,5.0,4.081599126293025,1.0,0.0,1.0,0.0,womens_offer,0,0.0
1431,4.0,4.850517110740236,0.0,1.0,0.0,0.0,mens_offer,0,0.0
1432,10.0,2.2892068447411402,1.0,1.0,1.0,0.0,control,0,-0.04
1433,5.0,4.3043749753627285,0.0,0.0,0.0,0.0,control,0,0.0
1434,9.0,2.722892325023205,0.0,1.0,1.0,1.0,mens_offer,0,0.26
1435,7.0,5.0922979875060115,1.0,0.0,1.0,1.0,womens_offer,1,0.0
1436,5.0,2.327194296563447,0.0,0.0,1.0,0.0,mens_offer,0,0.0
1437,9.0,3.1408073217232215,1.0,1.0,1.0,0.0,mens_offer,0,-0.04
1438,3.0,2.5728923800034336,0.0,0.0,0.0,1.0,mens_offer,0,0.0
1439,7.0,5.4794926594342055,0.0,1.0,1.0,0.0,control,0,0.0
1440,2.0,2.896689359711153,1.0,1.0,0.0,0.0,womens_offer,0,0.091
1441,2.0,4.118918819840457,1.0,0.0,0.0,0.0,control,0,0.0
1442,10.0,3.5470201401116612,0.0,1.0,1.0,0.0,mens_offer,0,0.26
1443,10.0,2.46871066581167,0.0,1.0,1.0,0.0,mens_offer,0,0.26
1444,9.0,3.7209496725048594,1.0,0.0,0.0,0.0,womens_offer,0,-0.04
1445,12.0,4.606498651779886,0.0,0.0,0.0,0.0,mens_offer,0,0.0
1446,8.0,3.855547648847296,0.0,1.0,0.0,0.0,mens_offer,0,0.091
1447,2.0,4.854793444483992,1.0,1.0,1.0,1.0,control,1,0.0
1448,5.0,3.699319258516147,1.0,0.0,0.0,1.0,womens_offer,0,0.0
1449,3.0,4.024211856465523,0.0,1.0,0.0,0.0,mens_offer,1,0.091
1450,9.0,3.679247136018157,0.0,1.0,1.0,1.0,mens_offer,0,0.26
1451,3.0,4.32256605338738,0.0,0.0,1.0,0.0,womens_offer,0,0.0
1452,8.0,5.71233105292155,1.0,0.0,0.0,1.0,womens_offer,1,0.0
1453,11.0,4.339150012391837,0.0,1.0,1.0,0.0,womens_offer,1,0.26
1454,3.0,4.190255372156561,1.0,0.0,1.0,0.0,control,1,0.0
1455,11.0,3.4748818611907457,0.0,1.0,0.0,0.0,control,0,0.091
1456,9.0,3.355579950858944,1.0,1.0,1.0,0.0,womens_offer,0,-0.04
1457,1.0,5.322554589543805,1.0,0.0,1.0,1.0,womens_offer,0,0.0
1458,7.0,3.047620886536584,1.0,0.0,1.0,1.0,control,0,0.0
1459,4.0,3.218989591977561,1.0,0.0,1.0,0.0,mens_offer,0,0.0
1460,9.0,3.9320912727057267,1.0,1.0,0.0,1.0,mens_offer,0,-0.04
1461,3.0,3.6428470551561984,1.0,0.0,1.0,0.0,womens_offer,0,0.0
1462,6.0,5.763714514042409,0.0,1.0,0.0,1.0,mens_offer,0,0.0
1463,6.0,2.013680346093751,0.0,1.0,0.0,0.0,womens_offer,0,0.091
1464,6.0,4.338369714854848,1.0,1.0,0.0,1.0,mens_offer,0,0.091
1465,12.0,4.651037009377261,1.0,0.0,0.0,0.0,mens_offer,0,-0.04
1466,12.0,3.0405452169632143,1.0,1.0,0.0,0.0,womens_offer,0,-0.04
1467,1.0,3.4520731412644023,1.0,1.0,1.0,0.0,womens_offer,1,0.26
1468,10.0,4.401681415421644,0.0,0.0,0.0,0.0,mens_offer,0,0.0
1469,3.0,5.4707786228758435,1.0,1.0,0.0,1.0,womens_offer,1,0.0
1470,2.0,3.2126214104443984,1.0,0.0,1.0,1.0,mens_offer,0,0.0
1471,6.0,2.6518319975800186,0.0,1.0,0.0,0.0,control,0,0.091
1472,12.0,4.882827029641635,0.0,1.0,0.0,0.0,control,0,0.0
1473,7.0,5.376005929769628,1.0,1.0,1.0,1.0,mens_offer,0,0.0
1474,8.0,3.7229313177458137,1.0,1.0,1.0,0.0,mens_offer,0,0.26
1475,9.0,2.1336179564418267,0.0,1.0,1.0,0.0,control,0,0.26
1476,6.0,5.311624140972619,1.0,1.0,0.0,0.0,womens_offer,0,0.0
1477,6.0,3.8429851321261874,1.0,0.0,1.0,0.0,control,0,0.0
1478,9.0,5.018147212198361,0.0,1.0,1.0,1.0,control,1,0.0
1479,2.0,3.979733810374703,0.0,1.0,1.0,0.0,control,0,0.26
1480,11.0,3.687277037758287,1.0,1.0,0.0,1.0,womens_offer,0,-0.04
1481,5.0,3.6204150302044584,1.0,0.0,1.0,1.0,womens_offer,0,0.0
1482,8.0,5.330951726229886,1.0,1.0,0.0,0.0,womens_offer,1,0.0
1483,12.0,5.296030198548562,0.0,0.0,1.0,1.0,mens_offer,1,0.0
1484,10.0,2.194108564010441,1.0,0.0,0.0,1.0,mens_offer,0,-0.04
1485,10.0,3.1990281100963376,1.0,0.0,0.0,1.0,womens_offer,0,-0.04
1486,10.0,5.60306430697621,1.0,0.0,0.0,0.0,mens_offer,1,0.0
1487,2.0,3.69460726304783,0.0,1.0,1.0,0.0,mens_offer,0,0.26
1488,6.0,2.836023204159273,1.0,0.0,1.0,0.0,mens_offer,0,0.0
1489,10.0,4.0220969444597925,0.0,0.0,0.0,1.0,mens_offer,0,0.0
1490,4.0,3.922460705814338,1.0,1.0,0.0,1.0,control,0,0.091
1491,4.0,3.9321849112772793,1.0,0.0,1.0,0.0,mens_offer,0,0.0
1492,11.0,3.5962042000445273,0.0,0.0,1.0,0.0,mens_offer,0,0.0
1493,10.0,3.7448536784677215,1.0,0.0,1.0,0.0,control,0,-0.04
1494,4.0,3.61691589600481,1.0,0.0,0.0,0.0,control,0,0.0
1495,1.0,4.313986406598363,0.0,1.0,0.0,0.0,control,0,0.091
1496,6.0,3.305889806696554,0.0,1.0,1.0,1.0,control,0,0.26
1497,11.0,3.7628122754388187,0.0,0.0,0.0,1.0,control,0,0.0
1498,7.0,3.890970493150385,1.0,1.0,1.0,1.0,womens_offer,0,0.26
1499,2.0,5.180806158141232,0.0,0.0,1.0,0.0,mens_offer,1,0.0
1500,6.0,4.349072976929348,0.0,0.0,1.0,0.0,womens_offer,0,0.0
1501,6.0,3.921284338614402,0.0,0.0,0.0,1.0,control,0,0.0
1502,8.0,4.493810090110778,1.0,0.0,0.0,0.0,womens_offer,0,0.0
1503,8.0,4.378134603824261,1.0,0.0,0.0,1.0,mens_offer,1,0.0
1504,3.0,4.985908394306537,1.0,0.0,0.0,1.0,womens_offer,1,0.0
1505,7.0,4.467405317479518,0.0,0.0,1.0,1.0,control,1,0.0
1506,6.0,5.6181575607095136,0.0,0.0,0.0,0.0,mens_offer,1,0.0
1507,2.0,5.215601310781397,1.0,0.0,1.0,0.0,mens_offer,0,0.0
1508,6.0,3.9819245431484456,0.0,1.0,0.0,1.0,womens_offer,1,0.091
1509,2.0,3.653191173519505,0.0,0.0,1.0,1.0,control,0,0.0
1510,3.0,4.802542902379152,0.0,1.0,1.0,1.0,womens_offer,1,0.0
1511,4.0,4.47640553438612,0.0,1.0,1.0,1.0,mens_offer,0,0.26
1512,12.0,3.93463446176754,0.0,0.0,0.0,0.0,womens_offer,1,0.0
1513,1.0,2.7376550255421117,1.0,0.0,0.0,1.0,mens_offer,0,0.0
1514,11.0,2.441879827475719,0.0,1.0,0.0,0.0,control,0,0.091
1515,3.0,4.326731390054716,0.0,0.0,0.0,1.0,womens_offer,0,0.0
1516,12.0,4.702868638106986,1.0,1.0,0.0,0.0,control,0,-0.04
1517,2.0,4.731940327109621,0.0,0.0,0.0,0.0,control,0,0.0
1518,8.0,2.89824275081292,0.0,0.0,0.0,1.0,womens_offer,0,0.0
1519,6.0,4.940784125149084,0.0,0.0,0.0,1.0,womens_offer,0,0.0
1520,3.0,3.5484495717989817,0.0,1.0,1.0,0.0,mens_offer,0,0.26
1521,5.0,4.362408960034496,1.0,1.0,0.0,0.0,mens_offer,1,0.091
1522,5.0,4.387531531035583,0.0,1.0,0.0,0.0,control,0,0.091
1523,8.0,3.314781032710339,1.0,0.0,0.0,1.0,control,0,0.0
1524,9.0,3.4985164032537805,0.0,0.0,0.0,0.0,control,1,0.0
1525,4.0,2.2460917215617284,1.0,0.0,0.0,0.0,mens_offer,1,0.0
1526,5.0,3.215880503327633,1.0,0.0,1.0,1.0,womens_offer,0,0.0
1527,1.0,2.4664210972711698,1.0,0.0,0.0,0.0,womens_offer,0,0.0
1528,4.0,4.405901609386557,1.0,0.0,1.0,0.0,mens_offer,0,0.0
1529,4.0,4.072457470266418,1.0,1.0,1.0,0.0,mens_offer,0,0.26
1530,10.0,4.830660133672433,0.0,0.0,1.0,1.0,womens_offer,1,0.0
1531,10.0,4.334088574330549,0.0,0.0,0.0,1.0,control,0,0.0
1532,10.0,3.4606318334845785,1.0,1.0,0.0,0.0,womens_offer,0,-0.04
1533,4.0,4.324904138622048,0.0,0.0,0.0,1.0,mens_offer,0,0.0
1534,3.0,3.674311546587291,1.0,0.0,1.0,0.0,mens_offer,0,0.0
1535,5.0,4.558686588072586,0.0,1.0,0.0,0.0,womens_offer,0,0.091
1536,6.0,4.297531124769348,1.0,0.0,0.0,0.0,womens_offer,0,0.0
1537,10.0,3.1539069177572245,0.0,0.0,0.0,0.0,womens_offer,0,0.0
1538,11.0,4.02009353638846,0.0,0.0,1.0,1.0,mens_offer,0,0.0
1539,5.0,4.067076401365767,0.0,1.0,0.0,1.0,womens_offer,0,0.091
1540,3.0,3.74693283101861,1.0,0.0,0.0,1.0,control,0,0.0
1541,11.0,4.813567896442246,1.0,1.0,1.0,1.0,womens_offer,1,0.0
1542,7.0,5.545657826557088,1.0,1.0,1.0,0.0,control,0,0.0
1543,12.0,3.6942208810327983,1.0,0.0,1.0,0.0,control,0,-0.04
1544,5.0,3.7091741733582233,1.0,1.0,1.0,0.0,mens_offer,0,0.26
1545,4.0,2.1064719992943868,0.0,1.0,1.0,0.0,womens_offer,1,0.26
1546,1.0,3.904332801527268,1.0,0.0,0.0,1.0,control,1,0.0
1547,9.0,3.6341956130590556,1.0,0.0,1.0,0.0,womens_offer,0,-0.04
1548,6.0,2.175474170997909,1.0,0.0,0.0,0.0,mens_offer,0,0.0
1549,4.0,4.273672768189663,0.0,1.0,1.0,1.0,mens_offer,0,0.26
1550,6.0,4.542614490899703,0.0,0.0,0.0,0.0,mens_offer,0,0.0
1551,2.0,3.374151285722017,0.0,0.0,0.0,0.0,control,0,0.0
1552,12.0,3.6899395446140697,0.0,0.0,0.0,0.0,control,0,0.0
1553,6.0,3.172946819607632,0.0,1.0,0.0,0.0,control,0,0.091
1554,4.0,4.695466511428981,0.0,1.0,1.0,1.0,womens_offer,1,0.26
1555,8.0,2.703611112263748,1.0,1.0,0.0,0.0,mens_offer,0,0.091
1556,10.0,3.7420556536671232,1.0,1.0,1.0,0.0,mens_offer,0,-0.04
1557,12.0,5.7591238087352075,1.0,0.0,0.0,1.0,mens_offer,1,0.0
1558,9.0,4.063762740698123,1.0,0.0,0.0,1.0,womens_offer,0,-0.04
1559,2.0,4.43308753069287,1.0,0.0,0.0,0.0,womens_offer,0,0.0
1560,6.0,3.8886957711915677,0.0,0.0,0.0,1.0,womens_offer,0,0.0
1561,9.0,2.99438117535116,0.0,1.0,0.0,0.0,womens_offer,0,0.091
1562,10.0,3.9892823470584924,1.0,0.0,1.0,0.0,womens_offer,0,-0.04
1563,6.0,4.378450441137274,1.0,0.0,0.0,1.0,control,0,0.0
1564,11.0,3.124573526697307,1.0,1.0,0.0,1.0,mens_offer,0,-0.04
1565,2.0,4.320830454496267,1.0,0.0,0.0,1.0,control,0,0.0
1566,5.0,5.126374774681401,1.0,0.0,0.0,1.0,womens_offer,0,0.0
1567,12.0,4.969689992592158,1.0,1.0,0.0,1.0,womens_offer,0,0.0
1568,3.0,2.648885214612025,0.0,0.0,1.0,0.0,womens_offer,0,0.0
1569,9.0,3.1653634116961573,1.0,0.0,1.0,0.0,mens_offer,0,-0.04
1570,3.0,2.6230394220108892,1.0,0.0,0.0,0.0,control,0,0.0
1571,2.0,4.971000060857198,1.0,0.0,0.0,1.0,control,0,0.0
1572,2.0,4.559815537154717,1.0,1.0,1.0,0.0,mens_offer,0,0.26
1573,11.0,4.642506725871788,0.0,1.0,0.0,0.0,mens_offer,0,0.091
1574,12.0,3.249068269788439,0.0,1.0,0.0,0.0,control,0,0.091
1575,2.0,3.001016581298845,1.0,0.0,0.0,0.0,mens_offer,1,0.0
1576,9.0,4.086163320668381,1.0,0.0,1.0,1.0,mens_offer,0,-0.04
1577,2.0,4.107471397337053,1.0,1.0,0.0,0.0,mens_offer,0,0.091
1578,10.0,3.269922501332377,0.0,1.0,0.0,0.0,mens_offer,0,0.091
1579,4.0,4.143945565511416,1.0,1.0,1.0,1.0,mens_offer,0,0.26
1580,1.0,4.590312788058953,1.0,0.0,0.0,0.0,control,0,0.0
1581,12.0,4.220021618172949,0.0,0.0,0.0,0.0,womens_offer,0,0.0
1582,12.0,3.1101763625647254,1.0,0.0,1.0,1.0,womens_offer,0,-0.04
1583,1.0,2.2142759657536746,0.0,0.0,0.0,1.0,mens_offer,0,0.0
1584,5.0,3.789865941336152,0.0,1.0,1.0,0.0,control,0,0.26
1585,12.0,4.163593191810292,0.0,0.0,0.0,0.0,womens_offer,0,0.0
1586,5.0,3.7888069713564967,1.0,0.0,1.0,0.0,mens_offer,0,0.0
1587,8.0,3.641059419518932,1.0,0.0,0.0,1.0,womens_offer,0,0.0
1588,11.0,3.411255829935154,1.0,1.0,0.0,0.0,womens_offer,0,-0.04
1589,1.0,4.653646678055731,1.0,1.0,0.0,0.0,mens_offer,0,0.091
1590,6.0,3.9718804603221507,1.0,1.0,1.0,0.0,womens_offer,1,0.26
1591,7.0,4.127158641075244,1.0,0.0,0.0,1.0,mens_offer,0,0.0
1592,12.0,3.1686013670575726,1.0,1.0,1.0,1.0,control,0,-0.04
1593,6.0,3.4731315318769034,0.0,1.0,0.0,1.0,control,0,0.091
1594,11.0,4.163099675261585,1.0,0.0,1.0,1.0,mens_offer,0,-0.04
1595,7.0,3.1393985997342386,0.0,1.0,0.0,1.0,womens_offer,0,0.091
1596,6.0,2.9219618126225555,1.0,1.0,0.0,1.0,womens_offer,0,0.091
1597,9.0,3.7280962945217286,0.0,0.0,0.0,1.0,control,0,0.0
1598,11.0,5.0870689421305455,1.0,1.0,1.0,0.0,mens_offer,0,0.0
1599,9.0,4.187162463863635,1.0,1.0,1.0,0.0,control,0,-0.04
1600,8.0,5.318551447281697,0.0,0.0,0.0,1.0,control,1,0.0
1601,12.0,3.9020371536866163,1.0,1.0,1.0,0.0,control,0,-0.04
1602,8.0,3.744863901449068,0.0,1.0,0.0,0.0,womens_offer,1,0.091
1603,2.0,2.8091352793767945,0.0,0.0,1.0,1.0,womens_offer,0,0.0
1604,12.0,3.511698547116891,0.0,1.0,0.0,0.0,womens_offer,0,0.091
1605,10.0,5.296686109268317,0.0,1.0,1.0,0.0,control,0,0.0
1606,5.0,4.308342430488882,0.0,1.0,1.0,0.0,mens_offer,0,0.26
1607,5.0,4.6692327196280985,0.0,1.0,0.0,1.0,mens_offer,0,0.091
1608,8.0,4.644251315129209,0.0,1.0,1.0,0.0,mens_offer,0,0.26
1609,10.0,4.009714203191852,1.0,0.0,0.0,1.0,control,0,-0.04
1610,9.0,3.837458464249109,0.0,0.0,0.0,0.0,mens_offer,0,0.0
1611,11.0,4.1235840441859235,1.0,1.0,0.0,1.0,control,0,-0.04
1612,1.0,4.614132101452504,1.0,0.0,1.0,0.0,control,0,0.0
1613,12.0,4.424136540929719,0.0,1.0,1.0,0.0,control,0,0.26
1614,6.0,4.4544695916728,0.0,0.0,0.0,1.0,womens_offer,0,0.0
1615,4.0,4.154547091914926,1.0,1.0,0.0,0.0,mens_offer,0,0.091
1616,3.0,3.343028471163435,0.0,1.0,0.0,0.0,control,0,0.091
1617,6.0,3.787477310382437,1.0,1.0,1.0,0.0,mens_offer,0,0.26
1618,4.0,3.1945411361106744,1.0,1.0,1.0,0.0,control,0,0.26
1619,12.0,4.911580151607986,0.0,0.0,0.0,1.0,mens_offer,0,0.0
1620,6.0,2.2227929449574066,0.0,1.0,0.0,0.0,control,1,0.091
1621,12.0,3.825961028272545,0.0,1.0,0.0,1.0,mens_offer,0,0.091
1622,9.0,6.1506248071522505,0.0,0.0,0.0,1.0,control,0,0.0
1623,5.0,3.71722047743649,1.0,0.0,0.0,0.0,control,0,0.0
1624,5.0,3.0283019754005176,1.0,0.0,0.0,1.0,control,0,0.0
1625,12.0,4.002283473998827,0.0,0.0,0.0,0.0,control,0,0.0
1626,8.0,5.166161502568644,1.0,1.0,0.0,0.0,control,0,0.0
1627,5.0,3.8765348556813124,0.0,0.0,0.0,1.0,control,0,0.0
1628,9.0,4.562504644342233,1.0,1.0,0.0,1.0,control,0,-0.04
1629,5.0,4.106559063317064,0.0,0.0,1.0,0.0,womens_offer,0,0.0
1630,3.0,3.689710746176505,0.0,0.0,1.0,0.0,mens_offer,0,0.0
1631,10.0,6.836333686536905,0.0,0.0,0.0,1.0,control,0,0.0
1632,2.0,4.081069223729264,1.0,1.0,1.0,0.0,mens_offer,0,0.26
1633,6.0,3.5458269802482545,1.0,0.0,0.0,1.0,control,0,0.0
1634,5.0,3.587084202036888,0.0,1.0,1.0,0.0,control,1,0.26
1635,6.0,4.3554369815444165,1.0,1.0,0.0,0.0,womens_offer,1,0.091
1636,3.0,4.3808888533311245,0.0,0.0,0.0,1.0,womens_offer,0,0.0
1637,5.0,4.70391151137258,0.0,0.0,1.0,1.0,mens_offer,0,0.0
1638,2.0,4.14303163393124,1.0,0.0,0.0,1.0,mens_offer,0,0.0
1639,6.0,2.775864184988308,0.0,1.0,0.0,0.0,womens_offer,1,0.091
1640,9.0,4.490013677096954,1.0,1.0,0.0,1.0,mens_offer,0,-0.04
1641,2.0,3.7458322870599314,1.0,0.0,1.0,0.0,control,0,0.0
1642,2.0,3.7659280521919074,0.0,1.0,0.0,0.0,control,0,0.091
1643,1.0,2.732639977873812,1.0,1.0,0.0,0.0,control,0,0.091
1644,10.0,3.51405593659643,1.0,1.0,1.0,1.0,mens_offer,0,-0.04
1645,10.0,3.380469628853911,0.0,1.0,0.0,1.0,control,0,0.091
1646,1.0,3.9859323431827627,0.0,0.0,1.0,0.0,mens_offer,0,0.0
1647,7.0,2.757476994301682,0.0,0.0,1.0,1.0,control,0,0.0
1648,6.0,4.062938677973794,0.0,1.0,0.0,1.0,control,0,0.091
1649,9.0,4.128146331813248,0.0,0.0,0.0,0.0,womens_offer,0,0.0
1650,5.0,3.0411671575303068,0.0,0.0,1.0,1.0,mens_offer,0,0.0
1651,10.0,3.4694387499447013,0.0,1.0,0.0,0.0,mens_offer,0,0.091
1652,7.0,3.2670654185266157,0.0,0.0,0.0,0.0,control,0,0.0
1653,3.0,4.824912689730282,0.0,1.0,0.0,0.0,mens_offer,0,0.0
1654,7.0,1.8885936445179745,1.0,0.0,1.0,0.0,mens_offer,0,0.0
1655,3.0,3.715648374808302,1.0,0.0,0.0,1.0,womens_offer,0,0.0
1656,7.0,2.583997539480927,1.0,0.0,1.0,1.0,mens_offer,1,0.0
1657,4.0,3.638148611841218,1.0,1.0,0.0,0.0,control,0,0.091
1658,6.0,4.770578350801776,1.0,1.0,0.0,0.0,womens_offer,0,0.091
1659,4.0,3.4642466250212363,1.0,0.0,1.0,0.0,control,0,0.0
1660,7.0,4.140591167494324,0.0,0.0,0.0,1.0,womens_offer,0,0.0
1661,10.0,3.278130320883783,0.0,0.0,0.0,0.0,womens_offer,0,0.0
1662,9.0,5.7487262726753565,1.0,1.0,0.0,1.0,mens_offer,1,0.0
1663,5.0,4.829896116920906,1.0,1.0,0.0,0.0,mens_offer,1,0.0
1664,6.0,5.021091428630741,0.0,0.0,0.0,1.0,mens_offer,1,0.0
1665,4.0,2.8634043190954888,1.0,1.0,0.0,0.0,control,0,0.091
1666,4.0,3.057189995372063,1.0,0.0,0.0,1.0,control,0,0.0
1667,8.0,4.978688673121343,1.0,0.0,0.0,1.0,mens_offer,0,0.0
1668,10.0,3.8466509917149594,0.0,0.0,0.0,1.0,control,0,0.0
1669,3.0,3.7907085733369836,1.0,0.0,0.0,0.0,control,0,0.0
1670,4.0,4.313876891123108,0.0,0.0,0.0,1.0,womens_offer,0,0.0
1671,2.0,2.9254722354796145,0.0,1.0,0.0,1.0,control,0,0.091
1672,12.0,4.70467425943218,0.0,0.0,0.0,0.0,control,0,0.0
1673,9.0,4.034347262754432,1.0,1.0,1.0,0.0,control,0,-0.04
1674,2.0,4.443144715601459,0.0,0.0,0.0,1.0,control,0,0.0
1675,10.0,3.429390785156212,1.0,1.0,0.0,1.0,womens_offer,0,-0.04
1676,4.0,4.473381130234225,0.0,0.0,1.0,0.0,mens_offer,1,0.0
1677,4.0,3.3995644410554,0.0,0.0,0.0,1.0,control,0,0.0
1678,6.0,4.8666712774824905,0.0,1.0,0.0,0.0,control,0,0.0
1679,8.0,5.023286189571612,0.0,1.0,0.0,1.0,womens_offer,1,0.0
1680,8.0,4.828725904893836,0.0,1.0,0.0,1.0,control,0,0.0
1681,1.0,4.4762583974763785,0.0,1.0,1.0,0.0,mens_offer,0,0.26
1682,9.0,4.580734858005341,1.0,0.0,0.0,1.0,mens_offer,0,-0.04
1683,5.0,1.7545895918445669,1.0,1.0,1.0,0.0,womens_offer,0,0.26
1684,11.0,4.759998304904511,0.0,0.0,1.0,0.0,control,0,0.0
1685,7.0,3.7765324181211235,1.0,1.0,0.0,0.0,mens_offer,0,0.091
1686,12.0,4.102126239756035,1.0,1.0,1.0,0.0,control,0,-0.04
1687,4.0,3.76803285277381,0.0,1.0,1.0,1.0,control,0,0.26
1688,8.0,2.810065966486414,0.0,1.0,0.0,1.0,womens_offer,0,0.091
1689,5.0,3.5445372477416064,0.0,1.0,1.0,0.0,mens_offer,0,0.26
1690,11.0,4.602756090056239,0.0,0.0,1.0,1.0,mens_offer,1,0.0
1691,8.0,5.280734316681232,0.0,0.0,0.0,0.0,mens_offer,1,0.0
1692,10.0,3.470950891285075,0.0,0.0,0.0,0.0,mens_offer,0,0.0
1693,8.0,3.226914127183323,1.0,1.0,1.0,0.0,control,0,0.26
1694,10.0,5.3115326303713495,1.0,1.0,1.0,1.0,control,1,0.0
1695,2.0,3.2454188154771058,0.0,1.0,1.0,0.0,mens_offer,0,0.26
1696,3.0,5.869101774012264,1.0,1.0,0.0,0.0,mens_offer,1,0.0
1697,9.0,4.0629319115364435,0.0,1.0,0.0,0.0,mens_offer,0,0.091
1698,3.0,3.244692498529392,1.0,0.0,0.0,0.0,control,0,0.0
1699,1.0,4.893427765137734,1.0,0.0,0.0,1.0,mens_offer,0,0.0
1700,7.0,5.527995842286463,1.0,1.0,1.0,0.0,mens_offer,0,0.0
1701,12.0,2.773223388533265,0.0,1.0,0.0,1.0,womens_offer,0,0.091
1702,4.0,5.4075585275085025,0.0,0.0,0.0,1.0,control,1,0.0
1703,3.0,3.770055926065177,1.0,1.0,0.0,0.0,control,1,0.091
1704,9.0,5.342492020459026,0.0,1.0,0.0,0.0,mens_offer,1,0.0
1705,4.0,3.6830497462406653,0.0,0.0,1.0,1.0,control,0,0.0
1706,10.0,2.6535295118775193,0.0,0.0,1.0,0.0,control,0,0.0
1707,3.0,4.463360880183001,1.0,1.0,0.0,1.0,womens_offer,0,0.091
1708,3.0,4.841844085269615,0.0,1.0,0.0,1.0,mens_offer,0,0.0
1709,12.0,5.889139772317981,1.0,0.0,0.0,0.0,control,1,0.0
1710,8.0,5.5551130867192295,1.0,1.0,1.0,1.0,womens_offer,1,0.0
1711,4.0,4.635466797725598,1.0,0.0,1.0,0.0,mens_offer,0,0.0
1712,6.0,3.8084946852723927,0.0,1.0,1.0,0.0,control,0,0.26
1713,8.0,3.5602570513849257,1.0,0.0,0.0,0.0,womens_offer,0,0.0
1714,1.0,3.7582160053176517,1.0,1.0,0.0,1.0,control,0,0.091
1715,12.0,3.2901217881630345,0.0,0.0,1.0,0.0,control,0,0.0
1716,6.0,3.7760820240794164,1.0,0.0,0.0,0.0,womens_offer,0,0.0
1717,12.0,1.8761846493591552,0.0,0.0,1.0,0.0,womens_offer,0,0.0
1718,10.0,4.1764531995893615,0.0,1.0,0.0,0.0,mens_offer,1,0.091
1719,1.0,3.9925827674960543,0.0,0.0,0.0,0.0,mens_offer,0,0.0
1720,10.0,6.311104627047474,1.0,0.0,0.0,1.0,mens_offer,1,0.0
1721,7.0,4.692076800099255,1.0,0.0,1.0,0.0,womens_offer,0,0.0
1722,11.0,3.5956288141875623,0.0,0.0,0.0,0.0,control,0,0.0
1723,8.0,4.519218303869019,0.0,1.0,1.0,1.0,mens_offer,0,0.26
1724,4.0,2.950539866423312,0.0,0.0,1.0,0.0,control,0,0.0
1725,9.0,3.488597153492952,0.0,1.0,1.0,0.0,mens_offer,0,0.26
1726,4.0,2.4129790033344083,1.0,0.0,0.0,0.0,mens_offer,1,0.0
1727,5.0,5.297649469797248,1.0,0.0,1.0,1.0,womens_offer,1,0.0
1728,8.0,4.544686310156553,1.0,1.0,0.0,0.0,control,0,0.091
1729,4.0,2.993390830793216,0.0,0.0,1.0,0.0,mens_offer,0,0.0
1730,12.0,3.964716889568909,0.0,1.0,0.0,0.0,mens_offer,1,0.091
1731,1.0,4.862552143982942,1.0,1.0,0.0,0.0,womens_offer,0,0.0
1732,5.0,4.457259551752976,1.0,1.0,0.0,0.0,womens_offer,1,0.091
1733,1.0,4.35694961131871,0.0,0.0,1.0,0.0,control,0,0.0
1734,9.0,3.266815562501265,0.0,1.0,1.0,0.0,control,0,0.26
1735,7.0,3.458463578898811,1.0,1.0,0.0,0.0,control,0,0.091
1736,2.0,4.102309773973728,0.0,0.0,0.0,0.0,mens_offer,0,0.0
1737,1.0,4.836198795992264,1.0,1.0,0.0,0.0,womens_offer,1,0.0
1738,9.0,3.2919114164325847,0.0,0.0,1.0,0.0,control,0,0.0
1739,3.0,3.0397684285911364,1.0,0.0,0.0,1.0,mens_offer,0,0.0
1740,11.0,5.036146877698339,0.0,1.0,0.0,0.0,control,1,0.0
1741,4.0,3.2041588288795557,0.0,0.0,1.0,1.0,mens_offer,0,0.0
1742,7.0,4.976368512348786,0.0,0.0,0.0,0.0,control,1,0.0
1743,1.0,4.2333591695825845,1.0,0.0,1.0,0.0,mens_offer,0,0.0
1744,7.0,4.801196467336188,1.0,0.0,0.0,1.0,mens_offer,1,0.0
1745,1.0,5.573745632582903,0.0,1.0,1.0,0.0,womens_offer,1,0.0
1746,3.0,4.629603740116135,1.0,0.0,0.0,0.0,mens_offer,0,0.0
1747,12.0,4.7074970423278515,1.0,1.0,0.0,1.0,mens_offer,0,-0.04
1748,12.0,3.2149349238061613,1.0,0.0,0.0,0.0,mens_offer,0,-0.04
1749,6.0,3.4080006660771267,0.0,1.0,0.0,0.0,womens_offer,0,0.091
1750,11.0,4.589759092438034,0.0,0.0,1.0,1.0,womens_offer,0,0.0
1751,3.0,5.385428154129077,0.0,1.0,1.0,1.0,mens_offer,0,0.0
1752,8.0,5.258110589237151,0.0,1.0,0.0,0.0,womens_offer,0,0.0
1753,9.0,6.087273078203784,0.0,1.0,1.0,1.0,control,0,0.0
1754,11.0,4.293552130756311,0.0,0.0,1.0,1.0,mens_offer,0,0.0
1755,1.0,4.197650343009722,1.0,1.0,1.0,1.0,womens_offer,0,0.26
1756,8.0,4.912959520138381,0.0,1.0,0.0,0.0,womens_offer,1,0.0
1757,3.0,4.034868641288263,0.0,0.0,1.0,0.0,mens_offer,0,0.0
1758,5.0,3.962968039184147,0.0,0.0,0.0,0.0,mens_offer,0,0.0
1759,12.0,3.103311119392246,0.0,0.0,1.0,0.0,mens_offer,0,0.0
1760,8.0,4.89957575958203,1.0,0.0,1.0,0.0,mens_offer,0,0.0
1761,11.0,3.0821475672959213,1.0,1.0,1.0,0.0,mens_offer,0,-0.04
1762,3.0,4.472518298881212,1.0,1.0,0.0,0.0,womens_offer,1,0.091
1763,8.0,2.7863696888984024,0.0,0.0,0.0,1.0,control,0,0.0
1764,12.0,4.993507885716319,1.0,1.0,0.0,0.0,control,0,0.0
1765,2.0,3.1192685446670727,0.0,0.0,1.0,0.0,control,0,0.0
1766,11.0,4.767670452036195,0.0,1.0,1.0,0.0,control,1,0.26
1767,4.0,2.643374714501254,1.0,0.0,1.0,1.0,control,0,0.0
1768,6.0,3.6310120880080774,1.0,0.0,1.0,0.0,control,0,0.0
1769,1.0,5.066833153737629,1.0,1.0,0.0,0.0,control,0,0.0
1770,11.0,3.312301400747108,1.0,1.0,0.0,0.0,mens_offer,0,-0.04
1771,3.0,4.0775658533718495,0.0,1.0,0.0,0.0,control,0,0.091
1772,12.0,3.5971949716221867,1.0,1.0,0.0,0.0,control,0,-0.04
1773,1.0,2.0581265535637527,1.0,0.0,0.0,0.0,mens_offer,0,0.0
1774,2.0,4.29103845363341,0.0,1.0,0.0,1.0,mens_offer,1,0.091
1775,2.0,4.401368974159033,1.0,1.0,0.0,0.0,womens_offer,0,0.091
1776,9.0,3.051450023154034,1.0,1.0,0.0,0.0,mens_offer,0,-0.04
1777,8.0,4.5271875695870865,1.0,0.0,0.0,1.0,control,0,0.0
1778,3.0,3.3206717544980995,1.0,1.0,0.0,0.0,mens_offer,0,0.091
1779,2.0,3.141138763524167,1.0,1.0,1.0,0.0,womens_offer,0,0.26
1780,4.0,4.02420751587836,1.0,1.0,1.0,0.0,mens_offer,0,0.26
1781,2.0,3.4199864575060865,1.0,0.0,1.0,1.0,womens_offer,0,0.0
1782,9.0,6.065514506675865,0.0,0.0,1.0,1.0,mens_offer,0,0.0
1783,11.0,2.6721757883476416,0.0,0.0,1.0,1.0,mens_offer,0,0.0
1784,6.0,4.673974945243999,0.0,0.0,1.0,0.0,womens_offer,1,0.0
1785,5.0,4.897509730284436,0.0,1.0,0.0,0.0,mens_offer,1,0.0
1786,7.0,2.3218939130222602,0.0,0.0,0.0,1.0,mens_offer,0,0.0
1787,4.0,2.5242726035210095,1.0,0.0,0.0,0.0,control,0,0.0
1788,3.0,4.517132164395067,1.0,0.0,0.0,0.0,mens_offer,1,0.0
1789,2.0,3.594498352967796,1.0,1.0,1.0,0.0,control,0,0.26
1790,8.0,4.358092021126684,0.0,0.0,0.0,0.0,mens_offer,0,0.0
1791,10.0,5.032049170921518,1.0,1.0,1.0,0.0,mens_offer,1,0.0
1792,7.0,3.690346826545978,0.0,0.0,1.0,1.0,mens_offer,0,0.0
1793,9.0,3.0890460596943767,1.0,1.0,1.0,0.0,womens_offer,0,-0.04
1794,2.0,1.737120112841571,0.0,0.0,0.0,0.0,mens_offer,0,0.0
1795,7.0,4.1992601457626755,0.0,0.0,0.0,0.0,womens_offer,1,0.0
1796,9.0,3.2056239114604583,0.0,1.0,1.0,0.0,womens_offer,1,0.26
1797,8.0,4.29576657172446,0.0,1.0,0.0,1.0,mens_offer,0,0.091
1798,1.0,4.223219920410639,1.0,1.0,0.0,0.0,womens_offer,0,0.091
1799,2.0,2.8157079350684326,0.0,1.0,0.0,1.0,womens_offer,0,0.091
1800,12.0,5.555362457859045,1.0,1.0,1.0,1.0,womens_offer,1,0.0
1801,4.0,4.981817693758653,1.0,0.0,0.0,0.0,control,1,0.0
1802,3.0,4.771944173623907,0.0,0.0,0.0,0.0,control,0,0.0
1803,8.0,2.9857935091879306,0.0,0.0,0.0,0.0,womens_offer,0,0.0
1804,9.0,3.6593980343704677,1.0,0.0,1.0,0.0,womens_offer,0,-0.04
1805,12.0,3.5372871393329177,0.0,1.0,1.0,0.0,control,0,0.26
1806,9.0,3.6529712641841137,1.0,1.0,0.0,0.0,control,0,-0.04
1807,10.0,3.037448228885659,1.0,1.0,1.0,0.0,control,0,-0.04
1808,12.0,4.40349230359291,0.0,1.0,0.0,0.0,mens_offer,0,0.091
1809,8.0,4.2211014912824485,0.0,1.0,1.0,1.0,control,0,0.26
1810,8.0,4.341931724960613,1.0,0.0,0.0,0.0,control,1,0.0
1811,7.0,3.573114930125783,0.0,1.0,1.0,0.0,womens_offer,0,0.26
1812,3.0,5.167630782791925,1.0,0.0,0.0,0.0,mens_offer,0,0.0
1813,1.0,4.184317131098081,1.0,1.0,0.0,0.0,control,0,0.091
1814,2.0,1.7309105288730688,1.0,0.0,0.0,1.0,mens_offer,0,0.0
1815,11.0,3.4559631120902257,1.0,0.0,1.0,1.0,mens_offer,0,-0.04
1816,4.0,3.9677945401465164,1.0,0.0,0.0,0.0,womens_offer,0,0.0
1817,1.0,4.876446562180274,1.0,0.0,0.0,0.0,control,1,0.0
1818,2.0,3.7530776520757563,0.0,1.0,0.0,1.0,control,0,0.091
1819,2.0,3.7976027043605565,0.0,0.0,1.0,0.0,mens_offer,0,0.0
1820,5.0,3.4361821066865152,1.0,0.0,0.0,0.0,mens_offer,0,0.0
1821,9.0,4.609009626894295,0.0,0.0,0.0,1.0,womens_offer,0,0.0
1822,10.0,3.624203942522511,0.0,1.0,1.0,0.0,control,0,0.26
1823,10.0,3.487935505969665,0.0,1.0,1.0,0.0,control,0,0.26
1824,12.0,3.3671559837544653,0.0,0.0,0.0,1.0,mens_offer,0,0.0
1825,10.0,4.511960932021697,0.0,1.0,1.0,1.0,control,1,0.26
1826,4.0,3.54948335633119,1.0,0.0,0.0,0.0,control,0,0.0
1827,6.0,2.5712146669241647,1.0,0.0,0.0,0.0,control,0,0.0
1828,8.0,4.570794743431503,1.0,1.0,0.0,0.0,control,0,0.091
1829,3.0,3.4026489771039756,1.0,0.0,0.0,1.0,mens_offer,0,0.0
1830,9.0,4.334497588283652,0.0,1.0,0.0,0.0,control,0,0.091
1831,1.0,4.349405247135982,0.0,1.0,0.0,0.0,womens_offer,0,0.091
1832,3.0,5.089426888662029,1.0,0.0,0.0,0.0,mens_offer,0,0.0
1833,11.0,4.947205953305018,0.0,0.0,0.0,1.0,womens_offer,1,0.0
1834,4.0,3.512741916709744,1.0,0.0,0.0,0.0,womens_offer,0,0.0
1835,12.0,3.871305068734397,1.0,1.0,0.0,0.0,control,0,-0.04
1836,11.0,2.8954925395885263,1.0,1.0,1.0,1.0,control,0,-0.04
1837,3.0,5.513638950023095,1.0,0.0,1.0,0.0,mens_offer,1,0.0
1838,12.0,4.409697868193219,1.0,1.0,1.0,0.0,mens_offer,0,-0.04
1839,11.0,5.260184732611627,0.0,1.0,0.0,0.0,control,1,0.0
1840,12.0,3.737016911724738,0.0,0.0,1.0,0.0,mens_offer,0,0.0
1841,5.0,2.265354179136349,1.0,0.0,0.0,1.0,control,0,0.0
1842,11.0,5.383145325114501,1.0,1.0,0.0,1.0,control,0,0.0
1843,4.0,4.10050881414432,1.0,0.0,0.0,0.0,control,0,0.0
1844,5.0,4.135982709847378,1.0,0.0,0.0,1.0,womens_offer,0,0.0
1845,7.0,4.067190617588325,0.0,0.0,0.0,1.0,control,0,0.0
1846,5.0,4.590407284645176,0.0,0.0,0.0,1.0,control,0,0.0
1847,1.0,4.491091644949697,1.0,1.0,1.0,1.0,control,1,0.26
1848,9.0,2.642370658768498,1.0,1.0,1.0,1.0,womens_offer,0,-0.04
1849,6.0,4.985066925248446,0.0,0.0,0.0,0.0,mens_offer,0,0.0
1850,10.0,3.552998361814777,0.0,0.0,1.0,1.0,womens_offer,0,0.0
1851,3.0,3.6071603122136704,1.0,1.0,0.0,0.0,womens_offer,0,0.091
1852,3.0,5.5585476860952525,1.0,0.0,1.0,0.0,mens_offer,1,0.0
1853,9.0,4.836469416804756,0.0,0.0,0.0,1.0,mens_offer,1,0.0
1854,9.0,3.720161435750884,1.0,1.0,0.0,0.0,womens_offer,0,-0.04
1855,7.0,2.422162598455461,1.0,0.0,1.0,0.0,control,0,0.0
1856,8.0,4.161185398522289,0.0,1.0,0.0,0.0,womens_offer,1,0.091
1857,11.0,4.496006356417044,1.0,1.0,0.0,1.0,womens_offer,0,-0.04
1858,11.0,3.947019141405392,0.0,0.0,1.0,0.0,control,0,0.0
1859,11.0,2.933256971840499,0.0,0.0,1.0,0.0,mens_offer,0,0.0
1860,12.0,3.325015721792337,0.0,0.0,0.0,0.0,control,0,0.0
1861,4.0,2.9254346846432298,1.0,1.0,0.0,1.0,mens_offer,0,0.091
1862,10.0,4.208832168041168,1.0,1.0,0.0,0.0,mens_offer,0,-0.04
1863,4.0,4.746197842189325,1.0,0.0,1.0,0.0,womens_offer,0,0.0
1864,11.0,4.930111013182648,0.0,1.0,0.0,0.0,mens_offer,0,0.0
1865,12.0,3.3757843850173552,1.0,0.0,0.0,0.0,womens_offer,0,-0.04
1866,6.0,4.226237734730391,0.0,1.0,1.0,1.0,womens_offer,0,0.26
1867,7.0,4.509725260566714,0.0,0.0,0.0,0.0,control,1,0.0
1868,2.0,3.5685671487260704,1.0,0.0,0.0,0.0,womens_offer,0,0.0
1869,2.0,3.887062012848881,0.0,0.0,1.0,0.0,mens_offer,1,0.0
1870,3.0,5.914184259575287,1.0,0.0,0.0,0.0,womens_offer,0,0.0
1871,1.0,4.199724060863954,1.0,1.0,0.0,1.0,mens_offer,0,0.091
1872,5.0,4.80290277783198,1.0,1.0,0.0,0.0,womens_offer,0,0.0
1873,12.0,3.635377160372006,0.0,1.0,1.0,1.0,mens_offer,0,0.26
1874,9.0,4.055067996816856,0.0,0.0,0.0,0.0,womens_offer,0,0.0
1875,7.0,2.539313015929925,0.0,0.0,0.0,0.0,womens_offer,0,0.0
1876,9.0,3.9959974406413084,0.0,0.0,0.0,0.0,control,0,0.0
1877,1.0,5.079293923447759,0.0,1.0,0.0,0.0,control,0,0.0
1878,8.0,5.891774612898759,1.0,0.0,1.0,1.0,mens_offer,0,0.0
1879,7.0,5.083196285311657,1.0,1.0,0.0,1.0,control,1,0.0
1880,2.0,4.627992795134115,1.0,0.0,0.0,1.0,mens_offer,1,0.0
1881,7.0,4.064980226983254,0.0,1.0,0.0,0.0,control,0,0.091
1882,8.0,3.4909728968694287,0.0,0.0,1.0,0.0,mens_offer,0,0.0
1883,6.0,3.8766925246549064,0.0,0.0,0.0,0.0,control,0,0.0
1884,12.0,4.562047966733252,1.0,1.0,1.0,0.0,mens_offer,0,-0.04
1885,12.0,3.3298271635919523,0.0,1.0,0.0,0.0,control,1,0.091
1886,5.0,4.84768994022779,1.0,0.0,0.0,1.0,control,1,0.0
1887,12.0,3.157747499156411,1.0,1.0,0.0,0.0,womens_offer,0,-0.04
1888,3.0,2.4856264498981444,0.0,0.0,0.0,1.0,control,0,0.0
1889,2.0,3.133646700246099,1.0,0.0,0.0,0.0,womens_offer,0,0.0
1890,8.0,2.5799594111911617,1.0,0.0,0.0,1.0,womens_offer,0,0.0
1891,2.0,2.8259764847339635,0.0,0.0,1.0,1.0,control,0,0.0
1892,4.0,5.025509970496102,0.0,0.0,1.0,0.0,womens_offer,1,0.0
1893,5.0,3.8415570821596456,1.0,0.0,1.0,1.0,womens_offer,0,0.0
1894,9.0,4.211654999833658,1.0,1.0,1.0,1.0,womens_offer,0,-0.04
1895,11.0,5.04874029688534,1.0,0.0,0.0,1.0,mens_offer,0,0.0
1896,11.0,5.139071898108334,1.0,1.0,0.0,0.0,womens_offer,0,0.0
1897,8.0,3.5742994479755064,1.0,1.0,0.0,0.0,control,0,0.091
1898,12.0,5.201233178595936,1.0,1.0,0.0,0.0,mens_offer,1,0.0
1899,9.0,4.359011517486937,0.0,1.0,0.0,0.0,mens_offer,0,0.091
1900,11.0,4.021090077545971,1.0,1.0,0.0,0.0,mens_offer,0,-0.04
1901,7.0,4.410117242503529,0.0,1.0,1.0,1.0,control,0,0.26
1902,2.0,2.780921505943451,1.0,1.0,0.0,0.0,mens_offer,0,0.091
1903,3.0,3.328995649551104,0.0,1.0,1.0,0.0,womens_offer,0,0.26
1904,5.0,3.9226586261719025,0.0,1.0,0.0,1.0,womens_offer,0,0.091
1905,10.0,4.559261846317026,1.0,1.0,0.0,0.0,womens_offer,0,-0.04
1906,5.0,3.690449634643478,0.0,0.0,0.0,0.0,womens_offer,0,0.0
1907,1.0,3.905744371812931,1.0,0.0,0.0,0.0,control,0,0.0
1908,6.0,4.880116262944761,1.0,0.0,0.0,1.0,womens_offer,0,0.0
1909,9.0,5.275659169697458,1.0,1.0,1.0,0.0,mens_offer,0,0.0
1910,12.0,4.699560667701014,1.0,0.0,1.0,1.0,control,0,-0.04
1911,3.0,5.14741127032896,1.0,0.0,0.0,0.0,control,0,0.0
1912,4.0,3.662090378085856,1.0,1.0,0.0,1.0,control,0,0.091
1913,6.0,3.748054043643327,1.0,1.0,1.0,0.0,womens_offer,1,0.26
1914,6.0,4.300177291305376,0.0,1.0,0.0,1.0,control,0,0.091
1915,12.0,3.7527671107602596,0.0,0.0,0.0,0.0,womens_offer,0,0.0
1916,5.0,3.572082890249604,0.0,0.0,1.0,0.0,mens_offer,0,0.0
1917,7.0,5.491061888417327,0.0,0.0,1.0,0.0,mens_offer,0,0.0
1918,4.0,3.8406508294832657,0.0,0.0,0.0,1.0,mens_offer,0,0.0
1919,1.0,3.1733518355213737,0.0,1.0,0.0,0.0,mens_offer,0,0.091
1920,5.0,4.450400363915287,0.0,1.0,1.0,1.0,womens_offer,0,0.26
1921,6.0,5.655718962084804,0.0,1.0,0.0,0.0,womens_offer,0,0.0
1922,3.0,4.089615691306937,0.0,1.0,1.0,0.0,mens_offer,0,0.26
1923,8.0,5.114264191526217,0.0,0.0,0.0,1.0,womens_offer,1,0.0
1924,4.0,3.6327367279949927,1.0,0.0,0.0,0.0,control,0,0.0
1925,1.0,3.585919679035663,0.0,1.0,1.0,0.0,control,0,0.26
1926,7.0,3.4126693563017927,0.0,1.0,1.0,1.0,mens_offer,0,0.26
1927,4.0,3.891555395388015,0.0,1.0,1.0,0.0,womens_offer,1,0.26
1928,9.0,5.656214154101132,1.0,0.0,1.0,0.0,mens_offer,1,0.0
1929,1.0,3.0105726309101386,0.0,0.0,1.0,0.0,control,0,0.0
1930,10.0,5.477702622477254,0.0,1.0,0.0,0.0,mens_offer,1,0.0
1931,7.0,3.1367900746696584,1.0,0.0,0.0,0.0,womens_offer,0,0.0
1932,9.0,3.811923322380766,0.0,0.0,1.0,0.0,womens_offer,0,0.0
1933,5.0,4.760807825024339,1.0,1.0,0.0,1.0,womens_offer,0,0.091
1934,11.0,4.57757223019042,0.0,1.0,0.0,0.0,mens_offer,0,0.091
1935,7.0,4.26793687914755,0.0,1.0,0.0,1.0,mens_offer,0,0.091
1936,12.0,2.5932876021413973,1.0,1.0,0.0,1.0,mens_offer,0,-0.04
1937,4.0,4.339144270187012,0.0,0.0,0.0,0.0,womens_offer,0,0.0
1938,11.0,3.124811816134268,1.0,0.0,1.0,0.0,control,0,-0.04
1939,8.0,6.313830937763873,0.0,1.0,1.0,1.0,mens_offer,0,0.0
1940,12.0,3.829866028645043,1.0,1.0,1.0,0.0,womens_offer,0,-0.04
1941,3.0,4.185184284585953,1.0,0.0,1.0,0.0,mens_offer,0,0.0
1942,7.0,3.01809861127437,1.0,1.0,1.0,0.0,womens_offer,1,0.26
1943,11.0,3.596801842378101,0.0,1.0,0.0,0.0,mens_offer,0,0.091
1944,3.0,2.8949517118690276,1.0,0.0,0.0,0.0,womens_offer,0,0.0
1945,12.0,4.890922325349778,1.0,1.0,0.0,0.0,mens_offer,1,0.0
1946,12.0,3.787145688087449,0.0,0.0,1.0,0.0,mens_offer,0,0.0
1947,6.0,4.517372436382854,0.0,1.0,1.0,0.0,mens_offer,0,0.26
1948,9.0,3.4172249247941426,0.0,0.0,0.0,1.0,womens_offer,0,0.0
1949,6.0,3.5773203221345895,1.0,1.0,0.0,1.0,womens_offer,0,0.091
1950,8.0,5.165091501341582,1.0,0.0,0.0,0.0,mens_offer,0,0.0
1951,11.0,3.1684550979739248,0.0,1.0,0.0,0.0,womens_offer,1,0.091
1952,9.0,2.4673254814759593,1.0,0.0,0.0,0.0,mens_offer,0,-0.04
1953,4.0,4.378242913254418,1.0,0.0,0.0,1.0,mens_offer,0,0.0
1954,7.0,3.0226942911414114,0.0,1.0,0.0,0.0,mens_offer,0,0.091
1955,10.0,3.631318436115369,0.0,0.0,0.0,1.0,womens_offer,0,0.0
1956,7.0,4.828456067696371,1.0,1.0,1.0,0.0,control,0,0.0
1957,4.0,3.300812662421919,0.0,1.0,0.0,1.0,mens_offer,0,0.091
1958,10.0,4.798878179309943,1.0,1.0,0.0,1.0,control,0,0.0
1959,9.0,3.420151431652632,0.0,1.0,1.0,0.0,mens_offer,1,0.26
1960,8.0,5.346387654464504,1.0,0.0,0.0,1.0,control,0,0.0
1961,5.0,5.198134891881544,0.0,1.0,1.0,1.0,womens_offer,0,0.0
1962,7.0,3.6033540312986,1.0,1.0,0.0,1.0,control,0,0.091
1963,8.0,3.8300424518355305,0.0,1.0,1.0,1.0,control,0,0.26
1964,3.0,3.289252464172304,1.0,1.0,0.0,0.0,control,0,0.091
1965,12.0,4.195184422901908,1.0,0.0,1.0,0.0,womens_offer,0,-0.04
1966,8.0,5.040743395133665,0.0,0.0,0.0,1.0,womens_offer,1,0.0
1967,1.0,2.763093608991701,1.0,1.0,1.0,0.0,mens_offer,0,0.26
1968,4.0,4.833692512194201,0.0,0.0,0.0,0.0,control,1,0.0
1969,10.0,2.8670069652037062,0.0,1.0,0.0,1.0,womens_offer,0,0.091
1970,9.0,3.2651894930959493,0.0,0.0,1.0,1.0,womens_offer,0,0.0
1971,7.0,2.4786488313961157,1.0,0.0,0.0,1.0,womens_offer,0,0.0
1972,6.0,5.897201902428707,1.0,0.0,1.0,1.0,mens_offer,1,0.0
1973,5.0,4.070055459315691,1.0,1.0,0.0,1.0,control,0,0.091
1974,12.0,4.234865047215644,1.0,1.0,0.0,0.0,control,0,-0.04
1975,5.0,3.424600241688623,0.0,1.0,0.0,0.0,womens_offer,0,0.091
1976,10.0,4.9672565718611725,1.0,1.0,0.0,0.0,control,1,0.0
1977,1.0,2.22188386853163,0.0,1.0,1.0,0.0,mens_offer,0,0.26
1978,7.0,4.041722213845689,1.0,0.0,0.0,1.0,womens_offer,0,0.0
1979,4.0,5.988562684865487,1.0,0.0,0.0,1.0,mens_offer,0,0.0
1980,6.0,3.6816551237384187,0.0,1.0,1.0,1.0,mens_offer,0,0.26
1981,8.0,4.033307233160405,0.0,0.0,0.0,0.0,mens_offer,1,0.0
1982,1.0,4.614961614002601,0.0,0.0,0.0,0.0,mens_offer,1,0.0
1983,2.0,3.3070075609273157,0.0,0.0,1.0,1.0,mens_offer,0,0.0
1984,7.0,4.03834447506671,0.0,1.0,0.0,0.0,womens_offer,0,0.091
1985,9.0,4.872578714914795,0.0,1.0,0.0,0.0,womens_offer,0,0.0
1986,1.0,4.19021129139101,1.0,0.0,1.0,0.0,mens_offer,0,0.0
1987,12.0,4.346919524599538,0.0,1.0,1.0,0.0,control,0,0.26
1988,6.0,3.710283984178905,1.0,1.0,1.0,0.0,control,0,0.26
1989,12.0,4.297733616609437,0.0,1.0,1.0,1.0,mens_offer,0,0.26
1990,2.0,4.067458200566693,0.0,1.0,0.0,1.0,mens_offer,0,0.091
1991,11.0,5.314490332480513,0.0,1.0,0.0,0.0,mens_offer,0,0.0
1992,8.0,4.661452738921192,1.0,1.0,0.0,1.0,mens_offer,0,0.091
1993,10.0,3.803237201937594,1.0,0.0,1.0,0.0,mens_offer,0,-0.04
1994,10.0,1.951148981124079,1.0,1.0,1.0,1.0,womens_offer,0,-0.04
1995,3.0,4.653721685898352,0.0,1.0,0.0,1.0,control,0,0.091
1996,3.0,4.688977739490703,1.0,0.0,1.0,1.0,control,0,0.0
1997,12.0,3.215735860304772,0.0,0.0,1.0,0.0,mens_offer,0,0.0
1998,6.0,2.306405361213407,1.0,1.0,0.0,1.0,control,0,0.091
1999,3.0,3.0222885892110614,0.0,0.0,1.0,0.0,womens_offer,0,0.0
2000,8.0,4.841496447348544,1.0,1.0,0.0,1.0,mens_offer,0,0.0
2001,11.0,3.088345290659469,1.0,1.0,0.0,0.0,control,0,-0.04
2002,4.0,3.6137478461543613,1.0,0.0,0.0,0.0,mens_offer,0,0.0
2003,11.0,4.213263236173324,0.0,0.0,0.0,0.0,womens_offer,1,0.0
2004,1.0,5.107997728799357,0.0,1.0,0.0,0.0,womens_offer,1,0.0
2005,8.0,4.002104750670343,0.0,0.0,1.0,1.0,mens_offer,0,0.0
2006,5.0,3.929500589306046,0.0,1.0,0.0,0.0,mens_offer,0,0.091
2007,7.0,3.535609549395954,1.0,0.0,0.0,0.0,womens_offer,0,0.0
2008,8.0,5.471800028476421,0.0,1.0,0.0,1.0,womens_offer,0,0.0
2009,3.0,4.966348276266455,0.0,0.0,0.0,0.0,womens_offer,1,0.0
2010,1.0,3.9341452260684058,0.0,1.0,1.0,1.0,control,0,0.26
2011,7.0,2.805463636297645,0.0,0.0,0.0,1.0,control,0,0.0
2012,12.0,3.3253614307722215,0.0,0.0,1.0,1.0,mens_offer,0,0.0
2013,4.0,4.532347134719594,0.0,0.0,1.0,0.0,womens_offer,0,0.0
2014,7.0,3.3851303153583645,1.0,1.0,0.0,0.0,control,0,0.091
2015,2.0,4.811216902000968,1.0,0.0,0.0,1.0,control,0,0.0
2016,5.0,4.338455349468347,1.0,1.0,0.0,1.0,control,1,0.091
2017,2.0,4.277362687547139,0.0,0.0,0.0,0.0,womens_offer,0,0.0
2018,2.0,4.598221074412738,1.0,1.0,0.0,0.0,mens_offer,1,0.091
2019,10.0,4.460354642452653,1.0,1.0,0.0,1.0,womens_offer,0,-0.04
2020,11.0,3.269122410845965,1.0,1.0,0.0,0.0,womens_offer,0,-0.04
2021,12.0,3.731013425412666,1.0,1.0,1.0,1.0,control,0,-0.04
2022,9.0,6.10806181530771,1.0,0.0,0.0,0.0,mens_offer,0,0.0
2023,2.0,2.9658216795257397,1.0,1.0,1.0,0.0,womens_offer,0,0.26
2024,12.0,3.6005967360999724,0.0,1.0,0.0,1.0,control,0,0.091
2025,1.0,4.966122629317705,1.0,1.0,0.0,0.0,control,1,0.0
2026,4.0,3.8775835723347654,1.0,1.0,1.0,0.0,mens_offer,0,0.26
2027,4.0,3.3064254526097696,1.0,0.0,0.0,0.0,mens_offer,0,0.0
2028,9.0,2.867654523964724,0.0,0.0,1.0,0.0,womens_offer,1,0.0
2029,2.0,4.493667658479197,0.0,1.0,0.0,0.0,mens_offer,0,0.091
2030,12.0,4.925191050454253,0.0,1.0,0.0,1.0,mens_offer,1,0.0
2031,3.0,5.26508655909334,1.0,0.0,1.0,1.0,womens_offer,0,0.0
2032,11.0,4.065709258635474,0.0,1.0,1.0,0.0,control,0,0.26
2033,7.0,4.947614693947501,1.0,1.0,0.0,0.0,womens_offer,0,0.0
2034,4.0,3.115713328190839,0.0,0.0,0.0,1.0,womens_offer,0,0.0
2035,6.0,4.166841770708599,1.0,0.0,0.0,0.0,control,0,0.0
2036,2.0,3.4234932407363257,0.0,0.0,0.0,1.0,control,0,0.0
2037,6.0,4.171996538248864,0.0,1.0,0.0,0.0,control,0,0.091
2038,9.0,4.684918690324924,0.0,0.0,0.0,0.0,control,0,0.0
2039,3.0,4.969722854852804,0.0,1.0,0.0,0.0,control,1,0.0
2040,12.0,3.152758467315621,0.0,0.0,0.0,1.0,control,0,0.0
2041,8.0,5.14657478032004,0.0,1.0,1.0,0.0,mens_offer,0,0.0
2042,5.0,3.600735689039242,0.0,1.0,1.0,0.0,womens_offer,1,0.26
2043,4.0,3.1219139424665032,1.0,0.0,0.0,1.0,mens_offer,0,0.0
2044,10.0,3.8675866521287174,0.0,0.0,1.0,1.0,womens_offer,0,0.0
2045,5.0,2.749780284934807,1.0,1.0,1.0,1.0,mens_offer,0,0.26
2046,12.0,4.02219634473858,1.0,1.0,0.0,0.0,womens_offer,0,-0.04
2047,6.0,4.274747023168402,0.0,1.0,0.0,0.0,womens_offer,0,0.091
2048,9.0,3.841364917114967,1.0,1.0,0.0,0.0,womens_offer,0,-0.04
2049,11.0,4.493789372230834,0.0,1.0,0.0,1.0,mens_offer,0,0.091
2050,12.0,3.7408081745374,0.0,0.0,0.0,1.0,control,0,0.0
2051,3.0,4.021730394497713,0.0,1.0,0.0,0.0,womens_offer,0,0.091
2052,6.0,2.768231900515671,0.0,1.0,0.0,0.0,mens_offer,0,0.091
2053,9.0,4.05587698544469,0.0,1.0,0.0,1.0,mens_offer,0,0.091
2054,5.0,3.2727079092662597,1.0,1.0,0.0,1.0,mens_offer,0,0.091
2055,4.0,3.622284334614074,1.0,0.0,0.0,0.0,mens_offer,0,0.0
2056,8.0,3.935419721735933,0.0,0.0,0.0,1.0,mens_offer,0,0.0
2057,11.0,4.187185379291712,1.0,1.0,0.0,1.0,womens_offer,0,-0.04
2058,6.0,2.595536450298166,1.0,1.0,1.0,0.0,mens_offer,0,0.26
2059,5.0,2.6650524708349894,1.0,1.0,0.0,1.0,womens_offer,0,0.091
2060,10.0,3.7519736685995606,1.0,0.0,0.0,0.0,control,0,-0.04
2061,7.0,4.438827412538841,1.0,1.0,0.0,0.0,mens_offer,0,0.091
2062,4.0,4.337374254304248,0.0,0.0,1.0,1.0,womens_offer,1,0.0
2063,11.0,4.811669920124659,1.0,0.0,0.0,0.0,control,0,0.0
2064,8.0,5.1766318174169905,1.0,1.0,0.0,1.0,mens_offer,1,0.0
2065,9.0,4.458438008253945,0.0,1.0,1.0,0.0,womens_offer,0,0.26
2066,10.0,4.000598245623672,1.0,0.0,1.0,0.0,control,0,-0.04
2067,2.0,3.11698907524667,0.0,0.0,0.0,0.0,womens_offer,0,0.0
2068,11.0,3.1905584641101505,1.0,0.0,0.0,1.0,control,0,-0.04
2069,2.0,3.607053118665114,0.0,1.0,0.0,0.0,womens_offer,1,0.091
2070,1.0,4.255032257513932,1.0,1.0,1.0,0.0,control,0,0.26
2071,12.0,4.213566015530337,0.0,1.0,0.0,1.0,womens_offer,1,0.091
2072,4.0,4.02190074075618,1.0,0.0,0.0,0.0,mens_offer,1,0.0
2073,1.0,3.883346204519461,1.0,1.0,1.0,0.0,control,0,0.26
2074,9.0,4.577777522182024,1.0,0.0,1.0,1.0,mens_offer,0,-0.04
2075,4.0,4.202569271990141,0.0,0.0,1.0,1.0,mens_offer,0,0.0
2076,6.0,4.281973808280301,0.0,1.0,0.0,1.0,womens_offer,1,0.091
2077,12.0,4.291374032520025,0.0,0.0,1.0,1.0,womens_offer,1,0.0
2078,7.0,3.5378433870112893,0.0,1.0,0.0,0.0,womens_offer,0,0.091
2079,1.0,3.1175226094470734,0.0,1.0,0.0,0.0,mens_offer,1,0.091
2080,9.0,4.4537184540279116,0.0,1.0,0.0,0.0,mens_offer,0,0.091
2081,2.0,4.387563523309284,1.0,1.0,0.0,1.0,womens_offer,1,0.091
2082,4.0,3.824057554077073,1.0,1.0,0.0,1.0,mens_offer,0,0.091
2083,3.0,3.652111737753287,0.0,1.0,1.0,0.0,mens_offer,0,0.26
2084,11.0,6.052935364043049,0.0,1.0,0.0,0.0,womens_offer,0,0.0
2085,2.0,3.3523414245333365,0.0,0.0,0.0,1.0,mens_offer,0,0.0
2086,7.0,3.8262425885114353,0.0,0.0,0.0,0.0,womens_offer,0,0.0
2087,6.0,4.253278029866916,1.0,0.0,0.0,1.0,mens_offer,0,0.0
2088,7.0,3.011654733316491,1.0,1.0,1.0,0.0,mens_offer,0,0.26
2089,8.0,4.1218595950653985,1.0,0.0,0.0,1.0,mens_offer,1,0.0
2090,2.0,5.62159962033612,1.0,1.0,0.0,0.0,womens_offer,1,0.0
2091,4.0,4.848353560199167,1.0,0.0,0.0,1.0,mens_offer,1,0.0
2092,7.0,4.579295444670769,1.0,1.0,1.0,1.0,mens_offer,0,0.26
2093,2.0,4.543874196728599,0.0,0.0,0.0,1.0,mens_offer,1,0.0
2094,10.0,4.1171921298948995,1.0,0.0,1.0,1.0,control,1,-0.04
2095,10.0,4.870254651744939,0.0,1.0,0.0,0.0,womens_offer,1,0.0
2096,7.0,3.880579235079572,1.0,1.0,0.0,0.0,control,0,0.091
2097,10.0,3.6459181274103956,0.0,0.0,1.0,0.0,mens_offer,1,0.0
2098,6.0,4.1084088439668776,1.0,1.0,1.0,0.0,mens_offer,0,0.26
2099,7.0,4.82320045794417,0.0,1.0,0.0,1.0,control,1,0.0
2100,6.0,4.31089544049763,1.0,0.0,0.0,0.0,mens_offer,0,0.0
2101,2.0,4.6170164420966175,1.0,1.0,0.0,0.0,control,0,0.091
2102,3.0,2.285562618853744,1.0,0.0,1.0,0.0,control,0,0.0
2103,7.0,5.079991045300267,1.0,1.0,0.0,1.0,womens_offer,0,0.0
2104,1.0,6.1087673167809164,1.0,1.0,1.0,1.0,mens_offer,0,0.0
2105,8.0,5.206907299182375,1.0,0.0,1.0,0.0,mens_offer,0,0.0
2106,4.0,3.7382260421945577,1.0,1.0,1.0,0.0,mens_offer,0,0.26
2107,6.0,3.274953360802028,1.0,0.0,0.0,0.0,womens_offer,0,0.0
2108,11.0,4.263885235394578,0.0,1.0,0.0,0.0,mens_offer,0,0.091
2109,11.0,3.155283224054094,1.0,0.0,0.0,0.0,mens_offer,0,-0.04
2110,6.0,4.662591210131087,1.0,1.0,1.0,1.0,womens_offer,1,0.26
2111,5.0,3.556096130765475,1.0,1.0,0.0,0.0,womens_offer,0,0.091
2112,10.0,4.872282637364948,1.0,0.0,0.0,0.0,womens_offer,1,0.0
2113,7.0,5.231283506374374,0.0,0.0,1.0,0.0,womens_offer,1,0.0
2114,9.0,2.2789901515335114,1.0,0.0,1.0,0.0,mens_offer,0,-0.04
2115,2.0,4.277475062834387,1.0,0.0,0.0,0.0,control,0,0.0
2116,9.0,3.4053070524266316,0.0,0.0,0.0,0.0,control,0,0.0
2117,7.0,2.7943054265584766,1.0,0.0,1.0,1.0,mens_offer,0,0.0
2118,3.0,3.4758165771665026,0.0,1.0,1.0,1.0,womens_offer,0,0.26
2119,10.0,3.8250190605638195,1.0,1.0,1.0,0.0,womens_offer,0,-0.04
2120,7.0,4.937516749420808,1.0,0.0,1.0,0.0,mens_offer,1,0.0
2121,9.0,2.700283417201299,0.0,1.0,1.0,0.0,control,0,0.26
2122,10.0,4.952819855666742,0.0,1.0,0.0,0.0,mens_offer,1,0.0
2123,4.0,5.819230927888954,1.0,0.0,0.0,1.0,control,0,0.0
2124,10.0,4.548338156594624,1.0,0.0,1.0,0.0,control,0,-0.04
2125,12.0,4.502490346182119,0.0,0.0,0.0,0.0,womens_offer,1,0.0
2126,7.0,4.006288146198028,0.0,1.0,0.0,1.0,control,0,0.091
2127,9.0,2.993855934410865,1.0,0.0,1.0,1.0,womens_offer,0,-0.04
2128,10.0,4.492599207665356,1.0,1.0,1.0,1.0,control,1,-0.04
2129,6.0,4.358504837005527,1.0,0.0,1.0,0.0,mens_offer,0,0.0
2130,10.0,4.667870255401405,1.0,1.0,0.0,0.0,control,1,-0.04
2131,5.0,6.313769149860086,0.0,1.0,0.0,0.0,control,0,0.0
2132,11.0,4.664471760189427,1.0,0.0,0.0,1.0,control,0,-0.04
2133,10.0,4.395549287598935,0.0,0.0,0.0,0.0,control,1,0.0
2134,7.0,5.410218874117459,0.0,0.0,1.0,1.0,control,0,0.0
2135,3.0,2.848954523648112,0.0,0.0,1.0,1.0,control,0,0.0
2136,10.0,3.0215218512384427,1.0,1.0,0.0,1.0,control,0,-0.04
2137,8.0,3.6876631702007048,1.0,0.0,0.0,1.0,mens_offer,0,0.0
2138,7.0,3.4430527086448985,0.0,1.0,0.0,0.0,control,0,0.091
2139,9.0,4.634300402941715,0.0,1.0,0.0,1.0,womens_offer,0,0.091
2140,12.0,3.738383061659434,1.0,0.0,1.0,0.0,womens_offer,0,-0.04
2141,7.0,5.569759137127964,1.0,0.0,1.0,1.0,control,1,0.0
2142,5.0,5.373053417932033,0.0,0.0,1.0,0.0,control,0,0.0
2143,11.0,4.702180838537072,1.0,0.0,1.0,1.0,womens_offer,0,-0.04
2144,8.0,3.678200526950374,1.0,0.0,1.0,0.0,mens_offer,0,0.0
2145,6.0,4.565712453856049,1.0,1.0,1.0,0.0,control,0,0.26
2146,3.0,4.738741562464684,0.0,1.0,1.0,0.0,womens_offer,0,0.26
2147,6.0,3.0868076404705374,1.0,0.0,0.0,0.0,control,0,0.0
2148,12.0,4.327194257982904,0.0,1.0,1.0,0.0,mens_offer,1,0.26
2149,4.0,4.645156884544103,1.0,1.0,1.0,0.0,mens_offer,1,0.26
2150,12.0,4.2097783549555565,1.0,1.0,0.0,0.0,mens_offer,0,-0.04
2151,12.0,5.418443023722012,1.0,1.0,0.0,0.0,control,1,0.0
2152,11.0,5.098869049986654,1.0,1.0,0.0,0.0,control,1,0.0
2153,4.0,3.2947577186324564,0.0,1.0,1.0,0.0,mens_offer,0,0.26
2154,10.0,4.128275922879565,0.0,1.0,1.0,0.0,womens_offer,1,0.26
2155,9.0,3.286141695175528,1.0,1.0,0.0,0.0,mens_offer,0,-0.04
2156,11.0,4.53241329283158,0.0,1.0,0.0,1.0,control,0,0.091
2157,5.0,3.258760769218191,1.0,0.0,0.0,0.0,control,0,0.0
2158,8.0,4.838927180008778,1.0,1.0,0.0,1.0,womens_offer,1,0.0
2159,12.0,4.362163365471107,0.0,1.0,0.0,1.0,control,0,0.091
2160,11.0,4.881366690570865,1.0,1.0,1.0,0.0,womens_offer,0,0.0
2161,12.0,3.8900794322970302,0.0,0.0,0.0,0.0,womens_offer,0,0.0
2162,2.0,2.755054590888644,1.0,1.0,0.0,0.0,womens_offer,0,0.091
2163,1.0,5.592982519273553,1.0,0.0,1.0,0.0,control,0,0.0
2164,2.0,3.8658557906077577,0.0,0.0,1.0,0.0,womens_offer,0,0.0
2165,12.0,5.244312479360391,1.0,1.0,0.0,1.0,mens_offer,1,0.0
2166,5.0,4.399523358456713,0.0,1.0,0.0,0.0,mens_offer,0,0.091
2167,8.0,4.616458048387876,0.0,0.0,1.0,0.0,womens_offer,0,0.0
2168,6.0,5.650296872880499,1.0,1.0,0.0,0.0,mens_offer,1,0.0
2169,1.0,4.319606199886439,1.0,0.0,0.0,1.0,mens_offer,1,0.0
2170,11.0,5.265388956466412,0.0,1.0,1.0,0.0,mens_offer,0,0.0
2171,6.0,2.731449275035205,1.0,0.0,0.0,1.0,mens_offer,0,0.0
2172,4.0,4.792317926670196,0.0,1.0,0.0,0.0,mens_offer,1,0.0
2173,1.0,3.804816479883559,1.0,0.0,1.0,1.0,womens_offer,0,0.0
2174,2.0,3.8997932334652927,1.0,0.0,0.0,1.0,mens_offer,1,0.0
2175,7.0,4.025854099774713,1.0,1.0,0.0,0.0,mens_offer,1,0.091
2176,10.0,4.3251937013765795,0.0,1.0,0.0,0.0,womens_offer,0,0.091
2177,3.0,5.495557844418999,0.0,1.0,0.0,1.0,mens_offer,1,0.0
2178,7.0,2.4243600192799986,0.0,1.0,1.0,0.0,mens_offer,0,0.26
2179,5.0,4.057086883254021,0.0,1.0,0.0,0.0,control,0,0.091
2180,8.0,3.3894700344901265,1.0,1.0,1.0,1.0,control,1,0.26
2181,4.0,5.055626374272574,1.0,0.0,0.0,0.0,control,0,0.0
2182,11.0,3.6456681399675666,1.0,0.0,1.0,0.0,control,0,-0.04
2183,8.0,4.423161821670507,0.0,1.0,0.0,0.0,womens_offer,1,0.091
2184,3.0,3.668102861874026,1.0,0.0,0.0,0.0,mens_offer,1,0.0
2185,10.0,4.611241978485577,1.0,0.0,0.0,1.0,control,0,-0.04
2186,8.0,4.920644159402709,0.0,0.0,1.0,1.0,control,1,0.0
2187,12.0,3.6681938908680536,1.0,0.0,0.0,0.0,womens_offer,0,-0.04
2188,12.0,4.061540466265721,0.0,0.0,0.0,0.0,womens_offer,0,0.0
2189,4.0,2.785368165745543,1.0,0.0,0.0,0.0,mens_offer,1,0.0
2190,9.0,4.288677896435218,1.0,1.0,0.0,0.0,womens_offer,0,-0.04
2191,7.0,4.77908037524974,1.0,0.0,1.0,1.0,womens_offer,0,0.0
2192,6.0,3.5298819228875282,0.0,0.0,0.0,0.0,control,0,0.0
2193,1.0,5.014986293199,1.0,1.0,0.0,0.0,womens_offer,0,0.0
2194,10.0,2.245884410737529,0.0,0.0,1.0,0.0,mens_offer,0,0.0
2195,5.0,2.426310649826838,0.0,0.0,1.0,0.0,womens_offer,0,0.0
2196,1.0,2.8125144855601607,0.0,0.0,0.0,1.0,mens_offer,0,0.0
2197,12.0,3.591624935970246,1.0,1.0,0.0,0.0,womens_offer,0,-0.04
2198,5.0,4.0346076977377745,1.0,0.0,0.0,1.0,mens_offer,1,0.0
2199,2.0,3.948493983511427,1.0,1.0,1.0,0.0,control,0,0.26
2200,6.0,3.9588860651366002,0.0,0.0,1.0,1.0,control,0,0.0
2201,11.0,4.660723065372742,1.0,0.0,0.0,0.0,mens_offer,0,-0.04
2202,9.0,3.602719802505089,0.0,1.0,0.0,0.0,womens_offer,0,0.091
2203,8.0,2.9183204510411196,1.0,1.0,0.0,1.0,control,0,0.091
2204,4.0,2.9351759768902794,1.0,1.0,1.0,1.0,mens_offer,0,0.26
2205,4.0,5.90413040027746,0.0,0.0,1.0,1.0,control,0,0.0
2206,4.0,2.0246977951497667,1.0,1.0,1.0,0.0,control,0,0.26
2207,10.0,3.8625427134400234,0.0,0.0,1.0,1.0,control,0,0.0
2208,10.0,5.317035595024483,1.0,1.0,0.0,1.0,mens_offer,0,0.0
2209,4.0,4.44681406555241,0.0,1.0,1.0,1.0,mens_offer,0,0.26
2210,4.0,3.2913141045147847,1.0,0.0,1.0,1.0,control,0,0.0
2211,11.0,4.020081956528158,0.0,1.0,1.0,0.0,mens_offer,0,0.26
2212,12.0,4.785908480154602,0.0,0.0,0.0,0.0,womens_offer,1,0.0
2213,1.0,5.093489381152243,0.0,1.0,1.0,1.0,control,0,0.0
2214,4.0,3.2309163421752998,1.0,0.0,1.0,0.0,control,0,0.0
2215,2.0,4.693608104024821,0.0,1.0,0.0,0.0,womens_offer,1,0.091
2216,5.0,4.241737531842279,0.0,1.0,0.0,0.0,control,0,0.091
2217,10.0,5.0007201981347285,1.0,1.0,1.0,1.0,mens_offer,1,0.0
2218,8.0,5.256600484640474,1.0,1.0,0.0,0.0,mens_offer,0,0.0
2219,6.0,3.7156654193780683,0.0,1.0,1.0,0.0,womens_offer,0,0.26
2220,3.0,2.7607025452353726,0.0,1.0,1.0,0.0,womens_offer,1,0.26
2221,2.0,4.368997665476213,0.0,1.0,0.0,1.0,womens_offer,0,0.091
2222,10.0,5.602654173208604,0.0,1.0,1.0,0.0,control,1,0.0
2223,7.0,4.626857551365295,1.0,1.0,0.0,0.0,womens_offer,1,0.091
2224,1.0,4.221925589592906,1.0,1.0,1.0,0.0,womens_offer,0,0.26
2225,4.0,6.163049024103492,1.0,1.0,1.0,1.0,mens_offer,1,0.0
2226,9.0,3.109620599374877,1.0,1.0,0.0,0.0,womens_offer,0,-0.04
2227,7.0,4.8207842932069545,1.0,0.0,0.0,0.0,mens_offer,0,0.0
2228,9.0,3.516751691378324,0.0,0.0,1.0,1.0,womens_offer,0,0.0
2229,9.0,4.062034739943704,0.0,0.0,0.0,1.0,mens_offer,0,0.0
2230,2.0,4.097434082350711,1.0,1.0,0.0,0.0,mens_offer,1,0.091
2231,11.0,5.367848041305538,1.0,0.0,0.0,0.0,control,0,0.0
2232,8.0,3.1992363127946826,1.0,0.0,0.0,0.0,womens_offer,0,0.0
2233,1.0,3.547636317417637,1.0,0.0,0.0,1.0,womens_offer,0,0.0
2234,12.0,2.6403516575977943,0.0,1.0,0.0,1.0,mens_offer,0,0.091
2235,8.0,4.450223898997289,1.0,1.0,1.0,0.0,womens_offer,0,0.26
2236,3.0,3.6148804973404784,0.0,1.0,1.0,0.0,control,0,0.26
2237,12.0,4.392220744964699,1.0,0.0,0.0,0.0,control,1,-0.04
2238,1.0,3.081058720031799,0.0,1.0,0.0,0.0,control,0,0.091
2239,6.0,3.7015497715225343,1.0,0.0,1.0,0.0,womens_offer,1,0.0
2240,1.0,4.942200624252839,1.0,0.0,1.0,1.0,control,0,0.0
2241,10.0,3.8643131827247634,0.0,0.0,1.0,0.0,mens_offer,0,0.0
2242,10.0,4.573451132651677,0.0,1.0,1.0,1.0,womens_offer,0,0.26
2243,2.0,4.486814182895579,0.0,0.0,0.0,1.0,womens_offer,0,0.0
2244,4.0,3.707002002082684,1.0,1.0,1.0,0.0,mens_offer,0,0.26
2245,11.0,2.6681345547458197,1.0,0.0,0.0,1.0,mens_offer,0,-0.04
2246,4.0,4.894376794203576,1.0,1.0,0.0,0.0,mens_offer,0,0.0
2247,7.0,4.16922174503739,1.0,0.0,1.0,0.0,control,0,0.0
2248,7.0,4.89248313709404,0.0,0.0,0.0,0.0,control,0,0.0
2249,11.0,2.294808711010743,1.0,0.0,0.0,0.0,mens_offer,0,-0.04
2250,9.0,2.588922282663377,1.0,0.0,1.0,0.0,control,0,-0.04
2251,10.0,2.1902087505032504,0.0,0.0,0.0,0.0,mens_offer,0,0.0
2252,2.0,3.2503768487780325,1.0,1.0,1.0,0.0,womens_offer,0,0.26
2253,11.0,4.944900003849981,1.0,1.0,1.0,0.0,mens_offer,0,0.0
2254,6.0,4.520337812095087,1.0,0.0,0.0,0.0,womens_offer,1,0.0
2255,1.0,3.9879726633181685,1.0,0.0,1.0,0.0,womens_offer,0,0.0
2256,2.0,4.1342603888929155,0.0,1.0,0.0,0.0,womens_offer,0,0.091
2257,9.0,4.693902423775546,0.0,1.0,0.0,0.0,womens_offer,1,0.091
2258,11.0,3.7518195808769232,0.0,1.0,1.0,1.0,womens_offer,0,0.26
2259,3.0,4.369204205115133,1.0,0.0,0.0,1.0,mens_offer,0,0.0
2260,4.0,4.141978122582446,0.0,1.0,0.0,1.0,control,0,0.091
2261,4.0,2.154867680214466,0.0,1.0,0.0,1.0,mens_offer,0,0.091
2262,11.0,3.6792207584224794,0.0,1.0,1.0,1.0,control,0,0.26
2263,4.0,5.228257946748185,0.0,0.0,0.0,0.0,womens_offer,1,0.0
2264,8.0,3.669543990407086,0.0,0.0,1.0,0.0,womens_offer,0,0.0
2265,8.0,3.891838478729835,0.0,0.0,0.0,0.0,control,0,0.0
2266,5.0,3.484955288372013,0.0,0.0,1.0,0.0,mens_offer,0,0.0
2267,8.0,3.5917672672985472,0.0,0.0,1.0,0.0,control,0,0.0
2268,3.0,5.018249055219849,1.0,0.0,0.0,1.0,control,0,0.0
2269,12.0,3.7817685104281753,0.0,1.0,1.0,1.0,control,1,0.26
2270,11.0,3.1251694371373797,1.0,0.0,0.0,1.0,womens_offer,0,-0.04
2271,1.0,1.4631080143839743,1.0,1.0,0.0,1.0,control,0,0.091
2272,6.0,3.5147730958956322,0.0,1.0,0.0,1.0,womens_offer,0,0.091
2273,3.0,2.332008886309445,0.0,0.0,1.0,0.0,womens_offer,0,0.0
2274,6.0,2.4489688645231062,0.0,0.0,0.0,0.0,womens_offer,0,0.0
2275,5.0,4.724574372126484,0.0,0.0,0.0,0.0,control,0,0.0
2276,11.0,4.647440359202843,1.0,1.0,0.0,1.0,womens_offer,1,-0.04
2277,10.0,2.3724040149424894,0.0,1.0,1.0,0.0,control,0,0.26
2278,4.0,4.774807052591155,0.0,0.0,0.0,0.0,control,1,0.0
2279,7.0,4.425463491492526,1.0,1.0,0.0,0.0,womens_offer,0,0.091
2280,5.0,3.331193254347183,0.0,0.0,0.0,1.0,control,0,0.0
2281,7.0,4.670355924665437,1.0,0.0,0.0,1.0,womens_offer,1,0.0
2282,11.0,2.6122238243411107,0.0,0.0,0.0,0.0,mens_offer,0,0.0
2283,10.0,2.968747159794563,0.0,0.0,1.0,0.0,control,0,0.0
2284,1.0,2.7690547867412336,1.0,0.0,0.0,1.0,mens_offer,0,0.0
2285,8.0,3.0482507613069516,0.0,0.0,0.0,0.0,mens_offer,0,0.0
2286,10.0,4.799091267478427,1.0,0.0,1.0,0.0,control,0,0.0
2287,4.0,2.8587818709673876,1.0,0.0,0.0,0.0,control,0,0.0
2288,9.0,3.0141642175138506,1.0,0.0,0.0,0.0,mens_offer,0,-0.04
2289,2.0,3.185700070974447,1.0,0.0,1.0,0.0,womens_offer,0,0.0
2290,2.0,4.191161662059987,0.0,0.0,0.0,0.0,womens_offer,0,0.0
2291,6.0,3.718836512775207,0.0,1.0,0.0,0.0,control,0,0.091
2292,5.0,4.784498956152116,0.0,0.0,1.0,0.0,womens_offer,0,0.0
2293,11.0,3.3939287040795247,0.0,1.0,1.0,1.0,control,0,0.26
2294,10.0,2.896324428548979,0.0,0.0,1.0,0.0,control,0,0.0
2295,8.0,3.574695269394918,1.0,1.0,1.0,1.0,womens_offer,0,0.26
2296,7.0,4.048964167956763,1.0,0.0,0.0,1.0,control,0,0.0
2297,1.0,3.200881584893166,1.0,0.0,0.0,1.0,mens_offer,0,0.0
2298,3.0,4.260803597031036,1.0,1.0,0.0,1.0,womens_offer,0,0.091
2299,6.0,5.633795485263619,1.0,1.0,1.0,1.0,mens_offer,1,0.0
2300,6.0,3.5012216724247693,1.0,0.0,0.0,0.0,womens_offer,0,0.0
2301,5.0,4.050233093492575,0.0,0.0,1.0,1.0,control,0,0.0
2302,7.0,5.214425759413406,0.0,1.0,0.0,0.0,womens_offer,0,0.0
2303,7.0,3.4405482974379327,0.0,1.0,1.0,1.0,control,0,0.26
2304,5.0,3.2666282805552664,1.0,0.0,1.0,1.0,womens_offer,0,0.0
2305,8.0,3.05333687224668,0.0,0.0,1.0,0.0,womens_offer,0,0.0
2306,2.0,4.359621385687051,0.0,1.0,1.0,1.0,control,0,0.26
2307,12.0,4.4623315795495735,0.0,0.0,1.0,0.0,mens_offer,0,0.0
2308,7.0,3.874126820619589,0.0,0.0,1.0,0.0,womens_offer,0,0.0
2309,5.0,4.041650620951281,1.0,1.0,1.0,0.0,mens_offer,0,0.26
2310,6.0,5.137279232200483,0.0,1.0,0.0,0.0,mens_offer,0,0.0
2311,5.0,4.773173335994282,1.0,0.0,0.0,0.0,womens_offer,1,0.0
2312,4.0,2.785476626273433,1.0,0.0,1.0,1.0,mens_offer,0,0.0
2313,8.0,3.992086733444214,1.0,0.0,0.0,0.0,womens_offer,0,0.0
2314,11.0,4.092589987218821,1.0,1.0,0.0,0.0,mens_offer,0,-0.04
2315,11.0,4.637883136706383,0.0,0.0,1.0,0.0,control,1,0.0
2316,3.0,3.800793080556146,0.0,0.0,1.0,0.0,mens_offer,0,0.0
2317,9.0,3.430447484827119,0.0,1.0,0.0,1.0,control,0,0.091
2318,10.0,3.5931790202850373,0.0,0.0,0.0,1.0,womens_offer,0,0.0
2319,6.0,2.465345491557036,1.0,1.0,1.0,1.0,mens_offer,0,0.26
2320,9.0,3.972075311225694,0.0,0.0,0.0,0.0,womens_offer,0,0.0
2321,10.0,3.4699877778664145,1.0,1.0,0.0,1.0,control,0,-0.04
2322,2.0,4.406769950509771,0.0,0.0,1.0,0.0,mens_offer,0,0.0
2323,6.0,3.096533036256435,1.0,1.0,1.0,0.0,mens_offer,0,0.26
2324,1.0,3.608241961679545,0.0,0.0,0.0,0.0,womens_offer,0,0.0
2325,12.0,3.1361086413330743,1.0,1.0,1.0,1.0,control,0,-0.04
2326,7.0,3.060241682413278,0.0,1.0,0.0,0.0,control,0,0.091
2327,4.0,4.6105779302284144,0.0,0.0,1.0,1.0,control,0,0.0
2328,1.0,3.57988480281766,0.0,1.0,1.0,0.0,mens_offer,0,0.26
2329,2.0,4.381722307619171,0.0,0.0,1.0,1.0,womens_offer,0,0.0
2330,4.0,3.0118316151284374,1.0,1.0,0.0,0.0,womens_offer,0,0.091
2331,10.0,4.0725419701089995,1.0,1.0,0.0,0.0,womens_offer,0,-0.04
2332,12.0,2.530195727895635,0.0,1.0,1.0,0.0,mens_offer,0,0.26
2333,4.0,3.564905089788652,1.0,0.0,0.0,0.0,womens_offer,0,0.0
2334,5.0,3.5429080648277216,1.0,0.0,1.0,0.0,womens_offer,0,0.0
2335,11.0,4.50071577631434,0.0,0.0,1.0,0.0,womens_offer,0,0.0
2336,2.0,4.142523912356974,0.0,1.0,0.0,0.0,womens_offer,0,0.091
2337,8.0,3.8284634033991214,1.0,0.0,1.0,0.0,womens_offer,0,0.0
2338,8.0,4.726030626239358,0.0,0.0,0.0,1.0,womens_offer,0,0.0
2339,7.0,4.150861481345321,1.0,1.0,0.0,0.0,control,0,0.091
2340,11.0,4.45797898111479,1.0,1.0,0.0,0.0,mens_offer,0,-0.04
2341,2.0,4.66112919067242,1.0,1.0,0.0,0.0,womens_offer,1,0.091
2342,4.0,3.921994910448863,1.0,0.0,0.0,0.0,control,0,0.0
2343,10.0,3.7218170144433538,0.0,0.0,0.0,0.0,womens_offer,0,0.0
2344,4.0,4.269323966623589,1.0,1.0,0.0,1.0,womens_offer,0,0.091
2345,1.0,3.6131443533018124,0.0,0.0,0.0,0.0,mens_offer,0,0.0
2346,6.0,4.322401373755381,0.0,0.0,0.0,1.0,womens_offer,0,0.0
2347,12.0,4.963485814414216,1.0,0.0,0.0,1.0,mens_offer,1,0.0
2348,10.0,4.737009668740686,1.0,1.0,1.0,1.0,mens_offer,0,-0.04
2349,11.0,3.6433034217734424,1.0,0.0,0.0,0.0,womens_offer,0,-0.04
2350,4.0,2.86317691199449,1.0,1.0,0.0,1.0,womens_offer,1,0.091
2351,4.0,3.929007628140626,1.0,0.0,1.0,0.0,mens_offer,0,0.0
2352,2.0,3.8673348184401672,0.0,1.0,0.0,1.0,control,0,0.091
2353,2.0,4.959934653147919,1.0,0.0,0.0,0.0,mens_offer,0,0.0
2354,4.0,3.6413315762814795,1.0,0.0,0.0,1.0,control,0,0.0
2355,11.0,3.7935122138810087,1.0,0.0,1.0,0.0,womens_offer,0,-0.04
2356,9.0,4.629010803444097,1.0,0.0,0.0,0.0,control,0,-0.04
2357,6.0,3.55819264730242,1.0,1.0,0.0,1.0,mens_offer,0,0.091
2358,6.0,3.836807435227385,0.0,1.0,1.0,1.0,control,0,0.26
2359,2.0,5.502058544368851,0.0,1.0,0.0,0.0,control,0,0.0
2360,6.0,5.301416423012189,1.0,0.0,0.0,1.0,mens_offer,0,0.0
2361,6.0,4.534298683149564,0.0,0.0,0.0,0.0,control,0,0.0
2362,10.0,4.213880610496511,0.0,1.0,0.0,0.0,womens_offer,0,0.091
2363,3.0,3.131817344572782,0.0,0.0,1.0,0.0,mens_offer,0,0.0
2364,11.0,4.470764687741358,0.0,0.0,1.0,0.0,control,1,0.0
2365,5.0,4.02769687595259,0.0,1.0,1.0,1.0,control,0,0.26
2366,1.0,4.1713659013842905,1.0,0.0,0.0,0.0,womens_offer,0,0.0
2367,8.0,3.521798574709367,1.0,1.0,1.0,0.0,control,0,0.26
2368,8.0,3.9658730720255044,1.0,1.0,1.0,0.0,control,0,0.26
2369,11.0,3.814301571774324,0.0,1.0,0.0,1.0,control,0,0.091
2370,7.0,4.255191904686606,0.0,1.0,0.0,0.0,control,0,0.091
2371,10.0,5.245417790226494,0.0,1.0,1.0,0.0,mens_offer,1,0.0
2372,3.0,4.295951103432263,0.0,0.0,0.0,0.0,mens_offer,0,0.0
2373,2.0,2.549430691343635,0.0,1.0,1.0,0.0,womens_offer,0,0.26
2374,8.0,3.1305079901471973,0.0,0.0,0.0,0.0,womens_offer,0,0.0
2375,6.0,2.610959312058894,0.0,1.0,0.0,0.0,control,0,0.091
2376,10.0,3.2828908054102186,1.0,1.0,1.0,0.0,womens_offer,0,-0.04
2377,6.0,4.470793516606878,0.0,0.0,1.0,0.0,mens_offer,0,0.0
2378,10.0,4.330505614505852,1.0,0.0,1.0,1.0,womens_offer,0,-0.04
2379,12.0,3.451253486383902,0.0,0.0,0.0,1.0,mens_offer,0,0.0
2380,12.0,4.211351805318019,0.0,1.0,1.0,0.0,mens_offer,0,0.26
2381,2.0,3.3141724134543717,0.0,0.0,1.0,1.0,control,0,0.0
2382,12.0,2.74729794215253,1.0,1.0,0.0,1.0,control,0,-0.04
2383,7.0,2.7593339522437734,0.0,1.0,0.0,1.0,control,0,0.091
2384,5.0,3.225813357373054,1.0,0.0,1.0,1.0,control,0,0.0
2385,11.0,5.237979448136686,1.0,0.0,0.0,0.0,mens_offer,0,0.0
2386,3.0,2.8141386915132354,0.0,1.0,0.0,1.0,control,0,0.091
2387,5.0,5.079388636866552,0.0,1.0,1.0,0.0,mens_offer,0,0.0
2388,10.0,5.15467993858928,0.0,0.0,1.0,1.0,mens_offer,0,0.0
2389,4.0,3.814862456956435,0.0,1.0,0.0,1.0,control,0,0.091
2390,12.0,3.9316509407033142,1.0,1.0,1.0,0.0,mens_offer,0,-0.04
2391,7.0,3.4377473071646416,0.0,1.0,1.0,0.0,control,0,0.26
2392,7.0,3.9527092031796096,1.0,1.0,1.0,0.0,womens_offer,0,0.26
2393,4.0,4.5570683267385865,0.0,1.0,0.0,1.0,mens_offer,1,0.091
2394,2.0,3.9820354919878067,1.0,0.0,1.0,0.0,womens_offer,1,0.0
2395,12.0,4.858172595535231,0.0,1.0,1.0,0.0,womens_offer,0,0.0
2396,1.0,5.026940460767671,1.0,1.0,0.0,0.0,womens_offer,1,0.0
2397,2.0,4.276931763385128,0.0,1.0,1.0,0.0,control,1,0.26
2398,1.0,4.2623268802088505,1.0,0.0,0.0,0.0,control,0,0.0
2399,3.0,3.918970081276762,0.0,1.0,0.0,0.0,control,0,0.091
2400,9.0,4.2790085516213425,0.0,1.0,0.0,1.0,mens_offer,0,0.091
2401,2.0,3.0038887724214067,0.0,0.0,1.0,1.0,control,0,0.0
2402,2.0,4.331220620331026,0.0,0.0,0.0,1.0,control,0,0.0
2403,9.0,4.153873908972013,0.0,1.0,0.0,0.0,control,0,0.091
2404,1.0,3.2199123834769976,1.0,0.0,1.0,0.0,womens_offer,0,0.0
2405,4.0,5.8891555080427285,1.0,1.0,0.0,0.0,mens_offer,1,0.0
2406,10.0,3.12539207477388,0.0,0.0,0.0,1.0,control,0,0.0
2407,11.0,3.213943445129651,1.0,1.0,0.0,0.0,mens_offer,0,-0.04
2408,6.0,4.21810640060577,0.0,1.0,1.0,0.0,mens_offer,0,0.26
2409,11.0,2.3168698400502064,0.0,0.0,0.0,0.0,womens_offer,0,0.0
2410,11.0,3.280447582533961,1.0,0.0,1.0,1.0,womens_offer,0,-0.04
2411,12.0,2.6562692825114,1.0,0.0,1.0,0.0,control,0,-0.04
2412,3.0,3.1293855423026224,1.0,0.0,0.0,0.0,mens_offer,0,0.0
2413,4.0,3.854815277067174,1.0,0.0,1.0,0.0,control,0,0.0
2414,8.0,4.253669495563568,0.0,1.0,0.0,0.0,mens_offer,0,0.091
2415,1.0,4.950926664774205,1.0,1.0,0.0,1.0,mens_offer,0,0.0
2416,4.0,4.685560329284298,1.0,1.0,1.0,0.0,womens_offer,0,0.26
2417,5.0,5.022780890846097,1.0,0.0,1.0,0.0,mens_offer,1,0.0
2418,11.0,4.491808081788539,1.0,0.0,1.0,1.0,control,0,-0.04
2419,12.0,3.55998036345425,1.0,1.0,0.0,0.0,mens_offer,0,-0.04
2420,5.0,4.960683561640486,1.0,1.0,0.0,1.0,mens_offer,1,0.0
2421,10.0,3.5424325837961024,0.0,1.0,0.0,0.0,mens_offer,0,0.091
2422,7.0,3.432582093434861,1.0,1.0,1.0,1.0,womens_offer,0,0.26
2423,1.0,5.330228933107079,1.0,0.0,0.0,0.0,control,0,0.0
2424,5.0,4.668789659103589,0.0,1.0,0.0,1.0,womens_offer,0,0.091
2425,9.0,4.163950490744201,0.0,1.0,0.0,0.0,control,0,0.091
2426,9.0,4.6367187229246944,0.0,1.0,1.0,1.0,mens_offer,0,0.26
2427,12.0,4.749349440718035,1.0,1.0,0.0,0.0,mens_offer,1,-0.04
2428,8.0,2.7896680126008127,0.0,0.0,1.0,1.0,control,0,0.0
2429,12.0,3.887128733375253,0.0,0.0,0.0,0.0,mens_offer,1,0.0
2430,6.0,2.9449654344059812,1.0,0.0,1.0,0.0,mens_offer,1,0.0
2431,9.0,4.0775276168545425,0.0,0.0,1.0,0.0,control,0,0.0
2432,8.0,3.382013057984735,1.0,1.0,1.0,0.0,control,0,0.26
2433,11.0,5.17735561927248,1.0,0.0,0.0,1.0,control,1,0.0
2434,12.0,4.428584566638558,0.0,0.0,0.0,1.0,womens_offer,0,0.0
2435,11.0,3.259766587863366,0.0,1.0,0.0,0.0,control,0,0.091
2436,12.0,3.9530799007481954,0.0,1.0,0.0,0.0,womens_offer,0,0.091
2437,5.0,2.9167963233753933,0.0,1.0,0.0,1.0,mens_offer,0,0.091
2438,12.0,4.005059006677698,0.0,0.0,0.0,1.0,control,0,0.0
2439,2.0,4.453717504128414,0.0,1.0,0.0,1.0,control,0,0.091
2440,5.0,4.201748480777353,1.0,1.0,0.0,1.0,womens_offer,0,0.091
2441,9.0,2.318510328765778,1.0,1.0,1.0,0.0,womens_offer,0,-0.04
2442,8.0,3.6740374568727363,1.0,0.0,1.0,1.0,womens_offer,0,0.0
2443,2.0,4.419264612839436,1.0,1.0,1.0,0.0,womens_offer,1,0.26
2444,9.0,4.239213380508527,1.0,1.0,1.0,0.0,womens_offer,0,-0.04
2445,5.0,4.998616247218306,1.0,1.0,0.0,0.0,mens_offer,0,0.0
2446,10.0,2.852860590897136,0.0,0.0,0.0,1.0,control,1,0.0
2447,12.0,4.432163394131426,1.0,1.0,0.0,1.0,control,0,-0.04
2448,3.0,3.3978094266476693,0.0,1.0,0.0,0.0,mens_offer,0,0.091
2449,7.0,4.140560804322514,0.0,0.0,1.0,0.0,womens_offer,0,0.0
2450,1.0,4.327072415825393,1.0,0.0,0.0,0.0,control,0,0.0
2451,7.0,4.577023857795784,0.0,0.0,0.0,0.0,womens_offer,0,0.0
2452,11.0,3.4617831278725752,1.0,1.0,1.0,0.0,mens_offer,0,-0.04
2453,12.0,4.131260676458103,1.0,1.0,0.0,0.0,womens_offer,0,-0.04
2454,10.0,2.9515255637126208,0.0,0.0,0.0,0.0,control,0,0.0
2455,4.0,2.7460495676301147,1.0,1.0,1.0,0.0,control,0,0.26
2456,5.0,4.459699045011629,1.0,1.0,0.0,1.0,womens_offer,0,0.091
2457,12.0,3.9196068729283513,1.0,0.0,0.0,1.0,womens_offer,0,-0.04
2458,10.0,2.5716269898918047,1.0,0.0,0.0,1.0,control,0,-0.04
2459,11.0,3.2241945933824754,1.0,1.0,0.0,0.0,mens_offer,0,-0.04
2460,3.0,3.984081861437904,1.0,1.0,1.0,0.0,mens_offer,1,0.26
2461,5.0,5.351885364257499,1.0,1.0,1.0,1.0,mens_offer,0,0.0
2462,10.0,4.895511927143953,1.0,1.0,0.0,1.0,control,1,0.0
2463,4.0,4.675386354508643,1.0,0.0,0.0,1.0,mens_offer,0,0.0
2464,10.0,2.433592543838599,0.0,1.0,1.0,1.0,womens_offer,0,0.26
2465,2.0,3.8811639547525023,0.0,0.0,0.0,0.0,mens_offer,1,0.0
2466,1.0,4.389471371685345,0.0,0.0,0.0,0.0,womens_offer,0,0.0
2467,11.0,4.315451325996669,0.0,0.0,0.0,0.0,mens_offer,0,0.0
2468,4.0,4.3350949225954505,0.0,0.0,0.0,1.0,control,0,0.0
2469,3.0,3.7613565974130494,1.0,0.0,1.0,0.0,control,0,0.0
2470,4.0,5.532999986887968,0.0,0.0,0.0,0.0,womens_offer,0,0.0
2471,1.0,5.280859739628534,1.0,1.0,0.0,1.0,mens_offer,0,0.0
2472,10.0,3.883954256284177,0.0,1.0,0.0,0.0,mens_offer,0,0.091
2473,11.0,3.1116065390366785,1.0,0.0,0.0,0.0,control,0,-0.04
2474,1.0,5.798187685378922,0.0,1.0,0.0,1.0,control,1,0.0
2475,8.0,3.4815487774353775,0.0,0.0,1.0,0.0,mens_offer,0,0.0
2476,5.0,5.0307134002712655,0.0,1.0,0.0,0.0,mens_offer,1,0.0
2477,9.0,5.668662616651471,0.0,0.0,0.0,0.0,mens_offer,1,0.0
2478,9.0,3.1427610599619356,0.0,0.0,1.0,0.0,control,0,0.0
2479,9.0,4.223563387561665,0.0,1.0,1.0,1.0,mens_offer,0,0.26
2480,1.0,3.6606986002199546,0.0,1.0,0.0,1.0,control,0,0.091
2481,1.0,4.422712906792979,0.0,1.0,0.0,1.0,womens_offer,0,0.091
2482,12.0,4.2500158758039035,1.0,0.0,0.0,0.0,mens_offer,0,-0.04
2483,2.0,5.701248848115141,0.0,0.0,0.0,0.0,womens_offer,0,0.0
2484,7.0,4.489655057718038,0.0,1.0,0.0,1.0,womens_offer,1,0.091
2485,6.0,3.9587739668101185,1.0,1.0,1.0,0.0,womens_offer,0,0.26
2486,5.0,4.967375334758047,0.0,0.0,0.0,1.0,womens_offer,0,0.0
2487,1.0,3.7270059021638264,1.0,0.0,0.0,1.0,mens_offer,1,0.0
2488,3.0,3.645096565958562,0.0,0.0,0.0,1.0,womens_offer,0,0.0
2489,7.0,5.964129476543934,0.0,0.0,0.0,0.0,womens_offer,1,0.0
2490,2.0,3.2481760716291586,1.0,0.0,0.0,1.0,womens_offer,0,0.0
2491,9.0,3.536881661362732,0.0,0.0,0.0,1.0,womens_offer,0,0.0
2492,11.0,4.005235571075861,1.0,1.0,0.0,1.0,control,0,-0.04
2493,8.0,3.0449801291612713,0.0,0.0,1.0,0.0,control,0,0.0
2494,10.0,2.1704951007963795,0.0,0.0,1.0,0.0,mens_offer,0,0.0
2495,8.0,4.90460141639755,0.0,0.0,1.0,0.0,womens_offer,1,0.0
2496,9.0,3.2794343293797636,0.0,1.0,0.0,0.0,mens_offer,0,0.091
2497,1.0,3.4911311141416346,0.0,1.0,1.0,0.0,mens_offer,0,0.26
2498,7.0,3.6387207863393867,1.0,0.0,0.0,0.0,mens_offer,0,0.0
2499,3.0,3.1095216082472104,0.0,1.0,0.0,0.0,control,0,0.091
2500,3.0,3.0300897113463656,1.0,0.0,1.0,1.0,control,0,0.0
2501,11.0,4.1083876680419475,0.0,0.0,1.0,0.0,mens_offer,0,0.0
2502,10.0,6.107171793256437,1.0,1.0,1.0,1.0,mens_offer,0,0.0
2503,2.0,4.619722173716348,0.0,0.0,0.0,0.0,mens_offer,0,0.0
2504,12.0,4.629050745470406,0.0,0.0,1.0,1.0,control,0,0.0
2505,7.0,2.6644169063331047,1.0,0.0,1.0,1.0,mens_offer,0,0.0
2506,8.0,3.9448767589188134,1.0,0.0,0.0,0.0,mens_offer,1,0.0
2507,1.0,2.9366002406926284,1.0,1.0,0.0,0.0,mens_offer,0,0.091
2508,11.0,4.651556102118078,1.0,1.0,0.0,1.0,control,0,-0.04
2509,12.0,3.7652243120134923,0.0,1.0,1.0,1.0,womens_offer,1,0.26
2510,10.0,3.999864332788828,1.0,1.0,0.0,0.0,womens_offer,1,-0.04
2511,3.0,3.888036958574959,1.0,0.0,1.0,1.0,womens_offer,0,0.0
2512,7.0,3.453945722650646,0.0,1.0,1.0,0.0,womens_offer,1,0.26
2513,5.0,2.6509546639600567,0.0,1.0,0.0,1.0,womens_offer,0,0.091
2514,5.0,4.480018895636567,1.0,1.0,0.0,1.0,mens_offer,1,0.091
2515,7.0,2.7671875513950295,1.0,1.0,1.0,0.0,womens_offer,0,0.26
2516,9.0,2.938730651686159,1.0,0.0,0.0,0.0,mens_offer,0,-0.04
2517,9.0,3.704008975710998,0.0,1.0,0.0,0.0,control,0,0.091
2518,3.0,3.347271535820593,1.0,0.0,0.0,1.0,control,0,0.0
2519,12.0,4.1976057452462,0.0,0.0,0.0,0.0,control,0,0.0
2520,6.0,4.864077635274441,0.0,1.0,0.0,1.0,control,1,0.0
2521,9.0,4.186213235103446,0.0,1.0,0.0,1.0,mens_offer,1,0.091
2522,11.0,4.140350405364028,0.0,1.0,1.0,1.0,mens_offer,0,0.26
2523,5.0,3.9866323198077867,0.0,0.0,0.0,0.0,control,0,0.0
2524,11.0,4.7280213777032225,1.0,0.0,0.0,1.0,control,0,-0.04
2525,1.0,2.3825190528872837,1.0,1.0,0.0,0.0,mens_offer,0,0.091
2526,4.0,4.291112918807452,0.0,1.0,0.0,1.0,mens_offer,0,0.091
2527,9.0,3.1511060889961513,1.0,1.0,0.0,0.0,mens_offer,0,-0.04
2528,10.0,2.894212536018317,1.0,1.0,0.0,1.0,control,0,-0.04
2529,12.0,3.9702966267978104,0.0,0.0,1.0,1.0,control,0,0.0
2530,6.0,3.625333390905674,1.0,0.0,0.0,1.0,mens_offer,0,0.0
2531,1.0,4.483204730421857,0.0,1.0,0.0,1.0,womens_offer,1,0.091
2532,6.0,4.944721799563672,0.0,0.0,1.0,1.0,mens_offer,1,0.0
2533,10.0,1.999327160477142,0.0,1.0,0.0,0.0,womens_offer,0,0.091
2534,2.0,3.9022004259224956,1.0,1.0,0.0,0.0,womens_offer,0,0.091
2535,3.0,5.712722382058292,0.0,1.0,1.0,0.0,womens_offer,1,0.0
2536,5.0,4.736531356027139,0.0,1.0,1.0,1.0,mens_offer,0,0.26
2537,6.0,5.253891541761948,1.0,1.0,0.0,0.0,womens_offer,0,0.0
2538,6.0,4.055985465131767,0.0,0.0,0.0,1.0,womens_offer,0,0.0
2539,7.0,2.7230728037983933,1.0,1.0,1.0,0.0,mens_offer,0,0.26
2540,8.0,2.986248502154637,1.0,1.0,1.0,0.0,mens_offer,0,0.26
2541,8.0,4.597583626389422,0.0,0.0,0.0,0.0,womens_offer,0,0.0
2542,5.0,4.818025432894135,1.0,1.0,1.0,1.0,womens_offer,1,0.0
2543,12.0,3.3251915736131683,0.0,1.0,0.0,0.0,control,0,0.091
2544,6.0,3.7297639277611236,0.0,1.0,0.0,0.0,womens_offer,0,0.091
2545,9.0,4.197479592658062,0.0,1.0,1.0,0.0,control,0,0.26
2546,8.0,2.4610207157840818,1.0,0.0,1.0,1.0,mens_offer,0,0.0
2547,5.0,3.6580734651951237,0.0,0.0,0.0,0.0,control,0,0.0
2548,8.0,5.407838776537282,1.0,1.0,0.0,1.0,womens_offer,0,0.0
2549,9.0,5.916725701928607,0.0,0.0,0.0,0.0,control,1,0.0
2550,6.0,3.8706455665854222,1.0,1.0,0.0,1.0,womens_offer,0,0.091
2551,6.0,5.599120119105136,0.0,1.0,0.0,0.0,control,1,0.0
2552,8.0,3.5050065696477524,1.0,1.0,0.0,1.0,control,0,0.091
2553,5.0,3.2570629985317083,1.0,1.0,0.0,0.0,mens_offer,0,0.091
2554,10.0,2.0678459412327728,1.0,0.0,0.0,0.0,womens_offer,0,-0.04
2555,5.0,4.8164552346313645,0.0,1.0,1.0,0.0,control,1,0.0
2556,2.0,3.63712028623065,1.0,1.0,0.0,1.0,mens_offer,0,0.091
2557,6.0,6.055301621669795,1.0,0.0,1.0,0.0,control,0,0.0
2558,11.0,4.259858348585757,0.0,1.0,1.0,1.0,control,0,0.26
2559,4.0,4.133148752906614,1.0,0.0,0.0,0.0,control,0,0.0
2560,4.0,2.415412552353393,0.0,0.0,0.0,0.0,mens_offer,0,0.0
2561,3.0,5.302608944075083,0.0,0.0,0.0,0.0,womens_offer,0,0.0
2562,12.0,3.6474422239712676,0.0,1.0,1.0,1.0,womens_offer,0,0.26
2563,2.0,3.824792473128689,1.0,1.0,0.0,1.0,womens_offer,0,0.091
2564,6.0,2.0934980784761414,0.0,0.0,0.0,0.0,mens_offer,0,0.0
2565,6.0,4.7898917049878404,0.0,1.0,1.0,0.0,womens_offer,0,0.0
2566,7.0,4.84572869561474,0.0,1.0,0.0,0.0,mens_offer,1,0.0
2567,4.0,3.4355230525991045,1.0,0.0,1.0,1.0,mens_offer,1,0.0
2568,10.0,4.049446332417022,0.0,0.0,1.0,1.0,womens_offer,0,0.0
2569,11.0,4.3151079897554405,1.0,1.0,0.0,0.0,womens_offer,0,-0.04
2570,6.0,4.8232284449923135,0.0,0.0,0.0,0.0,control,1,0.0
2571,11.0,4.060081105580634,1.0,1.0,1.0,0.0,womens_offer,0,-0.04
2572,2.0,5.503292378930059,0.0,0.0,0.0,0.0,control,0,0.0
2573,5.0,3.754353575345835,0.0,1.0,0.0,1.0,mens_offer,0,0.091
2574,11.0,3.435962678994447,0.0,0.0,1.0,1.0,control,0,0.0
2575,8.0,3.557886438081264,1.0,0.0,0.0,0.0,womens_offer,0,0.0
2576,3.0,1.8384643181106155,0.0,1.0,1.0,1.0,mens_offer,0,0.26
2577,11.0,3.2621288176812193,1.0,1.0,0.0,0.0,control,0,-0.04
2578,11.0,4.863431225507673,0.0,1.0,1.0,0.0,mens_offer,1,0.0
2579,5.0,4.203009158608005,1.0,0.0,0.0,1.0,mens_offer,0,0.0
2580,3.0,3.2523601586055255,0.0,0.0,1.0,0.0,mens_offer,1,0.0
2581,7.0,4.278729960539201,0.0,1.0,0.0,0.0,control,1,0.091
2582,8.0,2.245341842852582,1.0,1.0,0.0,1.0,mens_offer,1,0.091
2583,6.0,3.7185639541067403,0.0,0.0,0.0,1.0,womens_offer,0,0.0
2584,9.0,4.434861339380771,0.0,1.0,0.0,0.0,control,1,0.091
2585,8.0,4.589010906030909,1.0,0.0,1.0,0.0,control,1,0.0
2586,10.0,3.291452422327146,1.0,1.0,0.0,0.0,womens_offer,0,-0.04
2587,12.0,4.780820799967011,1.0,0.0,0.0,0.0,control,1,0.0
2588,10.0,5.637200464658855,0.0,0.0,1.0,0.0,womens_offer,0,0.0
2589,2.0,3.594754930898637,1.0,0.0,1.0,0.0,control,1,0.0
2590,1.0,4.627862501817527,0.0,1.0,1.0,0.0,womens_offer,1,0.26
2591,12.0,2.624679429211063,1.0,0.0,1.0,1.0,control,1,-0.04
2592,10.0,2.292021624097448,1.0,1.0,1.0,0.0,control,0,-0.04
2593,8.0,4.513932867351807,1.0,1.0,1.0,1.0,womens_offer,1,0.26
2594,4.0,4.008841461400111,0.0,1.0,0.0,0.0,womens_offer,0,0.091
2595,10.0,4.147734748066662,0.0,0.0,1.0,0.0,womens_offer,0,0.0
2596,2.0,3.459299148818931,1.0,0.0,0.0,1.0,control,0,0.0
2597,8.0,3.7125999031608976,0.0,1.0,1.0,0.0,mens_offer,0,0.26
2598,5.0,4.691511630955058,1.0,0.0,0.0,0.0,control,0,0.0
2599,11.0,5.503212690005507,1.0,1.0,1.0,1.0,mens_offer,0,0.0
2600,9.0,3.780886588798242,1.0,1.0,0.0,1.0,mens_offer,0,-0.04
2601,4.0,2.548516168959763,0.0,1.0,0.0,0.0,control,0,0.091
2602,10.0,5.106313911594834,1.0,1.0,1.0,0.0,mens_offer,1,0.0
2603,9.0,4.506771270197545,1.0,0.0,0.0,0.0,womens_offer,0,-0.04
2604,4.0,4.5775591140508585,0.0,0.0,1.0,1.0,mens_offer,0,0.0
2605,4.0,4.133543376224659,0.0,0.0,0.0,0.0,mens_offer,0,0.0
2606,5.0,6.047366888955741,1.0,0.0,0.0,1.0,control,0,0.0
2607,7.0,4.039444678139094,0.0,0.0,0.0,1.0,mens_offer,0,0.0
2608,4.0,4.428663445161749,0.0,1.0,0.0,1.0,womens_offer,0,0.091
2609,9.0,2.3821579178210612,0.0,0.0,0.0,1.0,womens_offer,0,0.0
2610,7.0,3.4642346405465214,1.0,1.0,1.0,0.0,mens_offer,0,0.26
2611,3.0,3.370400636483083,0.0,1.0,1.0,0.0,control,0,0.26
2612,9.0,3.9464655335240106,0.0,1.0,1.0,1.0,mens_offer,0,0.26
2613,1.0,4.281256385958181,1.0,1.0,0.0,0.0,control,0,0.091
2614,12.0,3.316031319360735,1.0,1.0,0.0,1.0,mens_offer,0,-0.04
2615,10.0,5.516498195059983,1.0,1.0,0.0,0.0,mens_offer,0,0.0
2616,2.0,3.04347774994173,1.0,1.0,1.0,0.0,womens_offer,0,0.26
2617,10.0,3.5766280465020697,0.0,0.0,0.0,0.0,mens_offer,0,0.0
2618,4.0,4.183837085385887,0.0,1.0,0.0,1.0,womens_offer,0,0.091
2619,8.0,2.8849653631233685,0.0,1.0,0.0,0.0,womens_offer,0,0.091
2620,3.0,4.47913880897825,0.0,0.0,0.0,1.0,womens_offer,0,0.0
2621,4.0,4.534549168663936,0.0,1.0,1.0,0.0,womens_offer,1,0.26
2622,1.0,3.7152078631745393,1.0,0.0,0.0,0.0,womens_offer,0,0.0
2623,8.0,5.676427637658069,0.0,0.0,1.0,1.0,mens_offer,1,0.0
2624,8.0,4.045198381424266,0.0,0.0,0.0,0.0,control,0,0.0
2625,2.0,4.2218278687924595,0.0,1.0,0.0,0.0,womens_offer,1,0.091
2626,4.0,3.133741690478415,1.0,1.0,1.0,1.0,womens_offer,0,0.26
2627,8.0,2.5291408585532875,0.0,0.0,0.0,0.0,control,0,0.0
2628,10.0,3.4189118424737686,1.0,1.0,0.0,1.0,mens_offer,0,-0.04
2629,7.0,3.6896622557850094,0.0,1.0,1.0,0.0,womens_offer,0,0.26
2630,2.0,3.5722871190335126,1.0,0.0,0.0,1.0,control,0,0.0
2631,8.0,4.655763741831448,0.0,1.0,0.0,1.0,control,0,0.091
2632,3.0,1.9571225180050533,0.0,1.0,0.0,0.0,womens_offer,0,0.091
2633,6.0,2.9846220236865717,1.0,0.0,1.0,0.0,mens_offer,0,0.0
2634,6.0,2.4039603698307292,0.0,1.0,0.0,0.0,mens_offer,0,0.091
2635,3.0,5.167938549886403,0.0,0.0,0.0,1.0,womens_offer,1,0.0
2636,10.0,3.4765076630441523,0.0,1.0,1.0,0.0,mens_offer,0,0.26
2637,9.0,3.5203759183498016,0.0,0.0,1.0,0.0,womens_offer,0,0.0
2638,2.0,3.0122445921956302,1.0,1.0,0.0,0.0,mens_offer,0,0.091
2639,6.0,4.7726011854434605,1.0,1.0,0.0,0.0,womens_offer,0,0.091
2640,2.0,3.610699678559768,1.0,0.0,0.0,0.0,control,0,0.0
2641,9.0,4.169680710225619,1.0,0.0,0.0,0.0,mens_offer,0,-0.04
2642,5.0,2.235082572549522,0.0,1.0,0.0,0.0,control,0,0.091
2643,5.0,5.015867294656765,0.0,1.0,1.0,0.0,womens_offer,1,0.0
2644,3.0,4.323390282743061,0.0,0.0,1.0,0.0,mens_offer,1,0.0
2645,2.0,4.4632309637841585,1.0,0.0,1.0,1.0,mens_offer,0,0.0
2646,2.0,5.074628167825643,0.0,1.0,1.0,1.0,womens_offer,1,0.0
2647,7.0,3.803305528997313,0.0,1.0,0.0,0.0,mens_offer,0,0.091
2648,9.0,3.8263555394141275,0.0,0.0,0.0,1.0,womens_offer,0,0.0
2649,8.0,4.611755814717005,0.0,1.0,1.0,0.0,mens_offer,0,0.26
2650,3.0,4.352480120459649,1.0,0.0,0.0,0.0,womens_offer,0,0.0
2651,12.0,3.7581658890561176,1.0,1.0,1.0,0.0,mens_offer,0,-0.04
2652,8.0,4.013219998252238,1.0,0.0,1.0,1.0,control,0,0.0
2653,11.0,3.530696905815004,1.0,1.0,0.0,0.0,womens_offer,0,-0.04
2654,1.0,4.609686822645299,0.0,0.0,1.0,1.0,control,0,0.0
2655,1.0,4.805282965727741,0.0,1.0,0.0,0.0,control,0,0.0
2656,1.0,3.9792584629735344,0.0,0.0,0.0,1.0,mens_offer,0,0.0
2657,10.0,5.652611068044017,0.0,0.0,1.0,0.0,mens_offer,1,0.0
2658,5.0,2.643276668112727,1.0,0.0,1.0,1.0,womens_offer,0,0.0
2659,4.0,3.769033438709036,1.0,1.0,0.0,0.0,womens_offer,0,0.091
2660,8.0,5.50272346015911,0.0,0.0,1.0,0.0,womens_offer,1,0.0
2661,9.0,3.603768936567707,1.0,1.0,0.0,0.0,control,1,-0.04
2662,6.0,2.591470766077693,0.0,1.0,1.0,0.0,mens_offer,0,0.26
2663,5.0,5.21995776005491,1.0,1.0,0.0,0.0,womens_offer,1,0.0
2664,5.0,4.46001696000788,1.0,0.0,1.0,0.0,womens_offer,0,0.0
2665,4.0,2.9342688518038367,0.0,0.0,1.0,0.0,womens_offer,0,0.0
2666,5.0,4.664878952664562,1.0,0.0,0.0,0.0,control,0,0.0
2667,6.0,3.0812698110506647,0.0,0.0,0.0,1.0,womens_offer,0,0.0
2668,4.0,2.8100096156680765,0.0,1.0,1.0,0.0,control,0,0.26
2669,7.0,3.8412795087599654,1.0,0.0,0.0,0.0,mens_offer,1,0.0
2670,8.0,3.5522580130658463,0.0,1.0,0.0,0.0,womens_offer,0,0.091
2671,9.0,3.01692068787883,1.0,0.0,0.0,0.0,womens_offer,0,-0.04
2672,1.0,3.653424095277804,1.0,0.0,0.0,0.0,womens_offer,0,0.0
2673,8.0,3.0971389673390717,1.0,0.0,0.0,1.0,womens_offer,0,0.0
2674,4.0,4.029096833098437,0.0,1.0,1.0,0.0,mens_offer,0,0.26
2675,9.0,3.9556264911268624,1.0,1.0,1.0,0.0,mens_offer,0,-0.04
2676,12.0,4.638993297416583,0.0,0.0,1.0,0.0,control,1,0.0
2677,5.0,3.5753633406736274,1.0,0.0,0.0,1.0,mens_offer,0,0.0
2678,2.0,2.817433105870045,0.0,0.0,1.0,0.0,mens_offer,0,0.0
2679,9.0,2.8278863288010427,1.0,0.0,0.0,0.0,mens_offer,0,-0.04
2680,4.0,3.7590536076274224,0.0,1.0,1.0,1.0,control,0,0.26
2681,5.0,5.347970654305594,1.0,1.0,0.0,1.0,control,0,0.0
2682,8.0,4.731806916644557,0.0,1.0,0.0,1.0,control,0,0.091
2683,8.0,3.412361406577949,0.0,1.0,1.0,1.0,control,0,0.26
2684,1.0,4.815526203737855,1.0,0.0,1.0,0.0,mens_offer,1,0.0
2685,6.0,2.963951620357372,0.0,0.0,1.0,0.0,mens_offer,0,0.0
2686,5.0,4.879411942425005,1.0,0.0,0.0,0.0,mens_offer,1,0.0
2687,7.0,3.638633655749852,1.0,0.0,0.0,0.0,womens_offer,0,0.0
2688,8.0,4.660633662710332,0.0,1.0,0.0,0.0,mens_offer,0,0.091
2689,1.0,4.5301834375062455,1.0,1.0,1.0,0.0,control,0,0.26
2690,1.0,3.73167697936652,0.0,1.0,1.0,1.0,womens_offer,0,0.26
2691,6.0,4.26748894053804,0.0,1.0,0.0,1.0,mens_offer,0,0.091
2692,11.0,3.043633662786278,1.0,0.0,1.0,0.0,womens_offer,0,-0.04
2693,3.0,3.911329585611168,1.0,1.0,1.0,1.0,mens_offer,0,0.26
2694,2.0,4.942420570897084,1.0,1.0,1.0,1.0,womens_offer,0,0.0
2695,5.0,7.65591902633153,1.0,1.0,0.0,1.0,control,0,0.0
2696,4.0,4.602437716083085,0.0,0.0,1.0,0.0,control,0,0.0
2697,1.0,4.0548275090096135,1.0,0.0,0.0,0.0,mens_offer,0,0.0
2698,12.0,3.0906692132994813,1.0,0.0,1.0,1.0,womens_offer,0,-0.04
2699,8.0,4.92128231658624,0.0,1.0,0.0,1.0,control,1,0.0
2700,10.0,2.5448980879854615,1.0,1.0,0.0,0.0,womens_offer,0,-0.04
2701,11.0,3.272346912695761,0.0,0.0,0.0,1.0,mens_offer,0,0.0
2702,8.0,4.295153708085006,0.0,1.0,0.0,0.0,mens_offer,0,0.091
2703,5.0,2.9254044620132875,1.0,0.0,0.0,0.0,womens_offer,0,0.0
2704,1.0,5.353226852414753,1.0,1.0,0.0,0.0,womens_offer,0,0.0
2705,2.0,4.951921719735871,0.0,1.0,0.0,0.0,control,0,0.0
2706,4.0,3.4768026817078796,1.0,0.0,0.0,1.0,womens_offer,0,0.0
2707,8.0,3.488139318294894,0.0,1.0,0.0,1.0,womens_offer,0,0.091
2708,8.0,2.8288135689699287,1.0,0.0,1.0,0.0,mens_offer,0,0.0
2709,2.0,2.759502681332502,0.0,0.0,0.0,0.0,mens_offer,0,0.0
2710,4.0,4.3706797252990555,1.0,0.0,0.0,0.0,mens_offer,0,0.0
2711,11.0,4.532174495311399,1.0,1.0,0.0,0.0,control,0,-0.04
2712,4.0,4.289463531538654,1.0,1.0,1.0,0.0,mens_offer,0,0.26
2713,2.0,4.2132931922202665,1.0,0.0,0.0,0.0,mens_offer,0,0.0
2714,3.0,3.4838077201582482,1.0,1.0,0.0,0.0,womens_offer,1,0.091
2715,5.0,4.297449013403759,1.0,0.0,1.0,0.0,mens_offer,0,0.0
2716,6.0,2.6991274272283654,1.0,1.0,0.0,1.0,mens_offer,0,0.091
2717,6.0,3.984684367226941,1.0,1.0,1.0,0.0,control,0,0.26
2718,2.0,5.294375304117332,0.0,1.0,0.0,0.0,control,1,0.0
2719,2.0,5.158827208555328,1.0,0.0,0.0,1.0,mens_offer,0,0.0
2720,3.0,3.5687237874506876,0.0,1.0,1.0,0.0,womens_offer,0,0.26
2721,4.0,3.6822718786951576,0.0,0.0,0.0,0.0,control,0,0.0
2722,12.0,5.208332261756579,0.0,1.0,0.0,1.0,womens_offer,0,0.0
2723,4.0,5.576711576613689,1.0,1.0,0.0,0.0,womens_offer,1,0.0
2724,5.0,2.6782880986250612,1.0,1.0,1.0,0.0,control,0,0.26
2725,9.0,3.601107484675567,1.0,1.0,0.0,0.0,womens_offer,0,-0.04
2726,5.0,4.185506330884648,1.0,0.0,0.0,0.0,mens_offer,1,0.0
2727,12.0,5.0656089470268055,0.0,0.0,0.0,0.0,mens_offer,1,0.0
2728,6.0,3.2416896612814763,0.0,1.0,1.0,0.0,mens_offer,0,0.26
2729,5.0,4.549600688058802,0.0,1.0,1.0,1.0,womens_offer,1,0.26
2730,10.0,3.7122164305725236,1.0,1.0,0.0,1.0,womens_offer,0,-0.04
2731,10.0,6.107108311616159,0.0,0.0,0.0,1.0,womens_offer,1,0.0
2732,8.0,4.360249621191614,1.0,1.0,1.0,0.0,control,0,0.26
2733,2.0,3.8586111063693305,0.0,1.0,0.0,0.0,control,0,0.091
2734,4.0,3.6818449121665733,1.0,1.0,1.0,0.0,mens_offer,0,0.26
2735,7.0,4.920211458988615,1.0,1.0,1.0,0.0,mens_offer,1,0.0
2736,5.0,4.583038387168695,1.0,1.0,1.0,0.0,mens_offer,0,0.26
2737,6.0,3.030315989979835,1.0,1.0,0.0,0.0,mens_offer,0,0.091
2738,4.0,4.170897697865953,1.0,0.0,0.0,0.0,mens_offer,1,0.0
2739,4.0,2.8115134941034086,0.0,1.0,0.0,0.0,womens_offer,0,0.091
2740,6.0,3.3133403375361676,1.0,0.0,0.0,0.0,womens_offer,0,0.0
2741,10.0,2.8491594229147243,1.0,0.0,1.0,0.0,mens_offer,0,-0.04
2742,5.0,2.8226278995527574,1.0,1.0,0.0,1.0,mens_offer,0,0.091
2743,9.0,3.373663420165376,1.0,1.0,0.0,0.0,mens_offer,0,-0.04
2744,12.0,3.1189994582958365,0.0,0.0,1.0,0.0,control,0,0.0
2745,2.0,4.448241647985576,0.0,1.0,1.0,1.0,womens_offer,0,0.26
2746,12.0,4.688734100160243,1.0,1.0,0.0,1.0,mens_offer,0,-0.04
2747,4.0,3.7669986978616516,0.0,0.0,1.0,0.0,control,0,0.0
2748,2.0,2.9992730727055186,0.0,0.0,1.0,0.0,womens_offer,0,0.0
2749,10.0,4.695507802559661,1.0,0.0,0.0,0.0,womens_offer,0,-0.04
2750,1.0,2.242661473554199,1.0,0.0,0.0,1.0,mens_offer,1,0.0
2751,12.0,2.3179034803032335,0.0,0.0,0.0,0.0,womens_offer,0,0.0
2752,3.0,4.626820104485734,1.0,1.0,0.0,0.0,control,1,0.091
2753,8.0,4.563066460543557,1.0,1.0,1.0,0.0,control,0,0.26
2754,3.0,4.8481938316956965,1.0,0.0,0.0,0.0,control,1,0.0
2755,11.0,3.7875676610622233,1.0,0.0,1.0,1.0,mens_offer,0,-0.04
2756,9.0,2.8776191516500718,1.0,1.0,1.0,1.0,mens_offer,0,-0.04
2757,12.0,3.5291183388142384,1.0,0.0,0.0,1.0,womens_offer,0,-0.04
2758,10.0,4.4834189396730455,0.0,0.0,0.0,0.0,mens_offer,0,0.0
2759,9.0,3.30431131172978,1.0,0.0,0.0,1.0,control,0,-0.04
2760,12.0,3.360414267836368,1.0,1.0,0.0,1.0,control,0,-0.04
2761,8.0,2.7643048820396015,1.0,1.0,1.0,0.0,womens_offer,0,0.26
2762,3.0,2.9610364758639025,1.0,1.0,0.0,1.0,mens_offer,1,0.091
2763,3.0,4.730592068924869,0.0,1.0,0.0,1.0,mens_offer,0,0.091
2764,8.0,4.38302854961336,1.0,0.0,0.0,0.0,womens_offer,0,0.0
2765,5.0,2.9629724554226953,0.0,0.0,1.0,0.0,control,0,0.0
2766,10.0,3.0327609932050876,1.0,0.0,0.0,0.0,mens_offer,0,-0.04
2767,8.0,3.4828364832405625,1.0,1.0,0.0,1.0,womens_offer,0,0.091
2768,1.0,4.466631698943598,0.0,1.0,1.0,1.0,mens_offer,0,0.26
2769,12.0,2.956998407280127,1.0,1.0,1.0,1.0,womens_offer,0,-0.04
2770,12.0,3.8292960623521024,0.0,1.0,0.0,1.0,womens_offer,1,0.091
2771,4.0,2.145516568501927,1.0,0.0,0.0,0.0,mens_offer,0,0.0
2772,4.0,2.881161907089597,1.0,0.0,1.0,0.0,womens_offer,0,0.0
2773,5.0,4.3529993778643545,0.0,0.0,1.0,0.0,control,0,0.0
2774,10.0,4.779763857045443,1.0,0.0,0.0,0.0,control,0,0.0
2775,1.0,2.967434217756033,0.0,0.0,0.0,0.0,womens_offer,0,0.0
2776,3.0,3.298315368814815,0.0,1.0,0.0,0.0,control,0,0.091
2777,9.0,4.6902260230358,0.0,1.0,0.0,1.0,control,0,0.091
2778,6.0,3.633957518902986,0.0,0.0,1.0,0.0,womens_offer,0,0.0
2779,6.0,3.5011947840076907,0.0,0.0,0.0,1.0,womens_offer,0,0.0
2780,12.0,4.440859245472413,0.0,0.0,0.0,1.0,womens_offer,0,0.0
2781,10.0,4.1529816665865535,0.0,0.0,1.0,1.0,womens_offer,0,0.0
2782,2.0,4.971949350031766,0.0,1.0,0.0,0.0,control,1,0.0
2783,3.0,4.687153418703307,0.0,0.0,0.0,1.0,mens_offer,0,0.0
2784,4.0,3.4713369753104337,0.0,1.0,0.0,1.0,mens_offer,0,0.091
2785,8.0,3.8738776824925094,0.0,0.0,0.0,0.0,womens_offer,0,0.0
2786,6.0,3.9261214967802665,0.0,1.0,0.0,0.0,womens_offer,0,0.091
2787,9.0,2.797799973899369,1.0,1.0,0.0,0.0,control,0,-0.04
2788,3.0,3.125748869803403,1.0,0.0,1.0,1.0,womens_offer,0,0.0
2789,6.0,4.846819890142121,1.0,0.0,0.0,0.0,control,1,0.0
2790,5.0,2.6033719776785103,0.0,0.0,0.0,0.0,womens_offer,0,0.0
2791,3.0,4.867496645877972,1.0,0.0,1.0,1.0,mens_offer,0,0.0
2792,3.0,4.233497025884066,1.0,1.0,0.0,0.0,womens_offer,0,0.091
2793,5.0,3.856942596253023,1.0,0.0,0.0,1.0,control,0,0.0
2794,9.0,4.459187410003758,1.0,0.0,0.0,1.0,mens_offer,0,-0.04
2795,9.0,4.403956053112284,0.0,0.0,1.0,0.0,control,0,0.0
2796,10.0,5.060041450075727,0.0,1.0,1.0,1.0,womens_offer,0,0.0
2797,3.0,3.62674204861704,0.0,1.0,0.0,0.0,mens_offer,0,0.091
2798,7.0,3.7783316215291545,0.0,1.0,1.0,0.0,womens_offer,1,0.26
2799,2.0,3.7630040567833167,1.0,0.0,0.0,0.0,mens_offer,1,0.0
2800,2.0,5.665667882123008,0.0,0.0,1.0,1.0,mens_offer,1,0.0
2801,6.0,4.824153106599369,1.0,0.0,1.0,0.0,control,1,0.0
2802,9.0,3.170162886324207,1.0,0.0,0.0,1.0,mens_offer,0,-0.04
2803,3.0,3.6863673462124806,1.0,0.0,0.0,0.0,control,0,0.0
2804,3.0,3.360274101822595,0.0,1.0,0.0,0.0,mens_offer,0,0.091
2805,10.0,3.9934188025678576,1.0,1.0,1.0,0.0,control,0,-0.04
2806,8.0,4.171495349433453,1.0,1.0,0.0,1.0,womens_offer,1,0.091
2807,10.0,6.03623762588696,0.0,0.0,1.0,0.0,womens_offer,0,0.0
2808,2.0,2.4087422679913986,0.0,0.0,1.0,0.0,control,0,0.0
2809,12.0,4.899451390771867,0.0,1.0,1.0,0.0,womens_offer,1,0.0
2810,10.0,4.370329781106048,1.0,0.0,1.0,0.0,mens_offer,0,-0.04
2811,11.0,3.3647237441885154,0.0,0.0,0.0,0.0,control,0,0.0
2812,2.0,3.850148880310358,0.0,1.0,1.0,1.0,mens_offer,0,0.26
2813,8.0,3.5456345957327517,1.0,0.0,0.0,0.0,mens_offer,0,0.0
2814,7.0,4.027429283819428,1.0,1.0,1.0,0.0,mens_offer,0,0.26
2815,3.0,4.881097176715035,0.0,0.0,0.0,1.0,control,0,0.0
2816,11.0,2.6658000026275075,1.0,1.0,0.0,1.0,control,0,-0.04
2817,10.0,5.156261961846576,0.0,1.0,1.0,0.0,mens_offer,0,0.0
2818,10.0,3.6539498871356333,1.0,0.0,0.0,0.0,womens_offer,0,-0.04
2819,9.0,5.326672374264924,0.0,0.0,1.0,1.0,control,0,0.0
2820,3.0,4.3504473207612,1.0,1.0,1.0,0.0,control,0,0.26
2821,9.0,5.085360437124531,0.0,0.0,0.0,1.0,womens_offer,1,0.0
2822,6.0,4.488260961811008,0.0,0.0,0.0,0.0,mens_offer,1,0.0
2823,9.0,4.9532072726621506,0.0,1.0,0.0,0.0,womens_offer,1,0.0
2824,8.0,4.035343986063336,1.0,0.0,0.0,0.0,mens_offer,0,0.0
2825,10.0,3.2556760937883493,0.0,0.0,1.0,0.0,control,1,0.0
2826,7.0,4.584234240040795,1.0,1.0,1.0,0.0,womens_offer,1,0.26
2827,4.0,4.618919989078445,1.0,1.0,0.0,0.0,control,0,0.091
2828,8.0,5.8647461527974745,1.0,1.0,0.0,1.0,womens_offer,1,0.0
2829,9.0,2.268635414519302,0.0,0.0,0.0,0.0,womens_offer,0,0.0
2830,4.0,3.812317493712595,1.0,1.0,1.0,1.0,mens_offer,0,0.26
2831,7.0,4.933623684373358,0.0,1.0,0.0,1.0,womens_offer,1,0.0
2832,8.0,2.8945611729742575,0.0,0.0,0.0,0.0,womens_offer,0,0.0
2833,5.0,3.786380444274442,0.0,0.0,0.0,0.0,control,0,0.0
2834,3.0,5.882457815295109,0.0,1.0,0.0,0.0,control,1,0.0
2835,4.0,5.252713164003066,0.0,1.0,0.0,1.0,womens_offer,0,0.0
2836,11.0,3.2168622596577956,1.0,1.0,0.0,0.0,mens_offer,0,-0.04
2837,2.0,5.261834537003572,0.0,0.0,0.0,1.0,control,1,0.0
2838,5.0,5.044840704124127,1.0,0.0,0.0,0.0,mens_offer,0,0.0
2839,6.0,4.680946522985283,0.0,1.0,0.0,1.0,control,0,0.091
2840,10.0,4.327747262709718,1.0,0.0,1.0,0.0,mens_offer,0,-0.04
2841,5.0,4.200990842022523,0.0,0.0,0.0,1.0,mens_offer,0,0.0
2842,12.0,3.2272034944950336,0.0,0.0,0.0,0.0,womens_offer,0,0.0
2843,6.0,3.5352231737634177,0.0,1.0,0.0,0.0,mens_offer,0,0.091
2844,6.0,4.642368255258192,0.0,0.0,0.0,0.0,womens_offer,0,0.0
2845,11.0,4.115451089250177,0.0,0.0,0.0,1.0,control,0,0.0
2846,6.0,5.643614926256459,1.0,1.0,0.0,0.0,womens_offer,0,0.0
2847,9.0,3.6966861844127297,0.0,0.0,0.0,0.0,womens_offer,0,0.0
2848,5.0,1.959959797697199,0.0,0.0,0.0,0.0,control,0,0.0
2849,9.0,3.6967073647070943,0.0,0.0,0.0,1.0,mens_offer,0,0.0
2850,8.0,4.237880359192042,1.0,1.0,1.0,1.0,control,0,0.26
2851,12.0,4.331456847614268,0.0,1.0,0.0,0.0,control,0,0.091
2852,5.0,4.052172871336381,1.0,1.0,1.0,0.0,womens_offer,0,0.26
2853,3.0,3.2709810090554585,1.0,0.0,0.0,0.0,control,0,0.0
2854,2.0,5.3264076339095245,0.0,1.0,1.0,1.0,mens_offer,1,0.0
2855,7.0,3.4091846975112308,0.0,1.0,0.0,1.0,mens_offer,0,0.091
2856,7.0,4.625195839041587,0.0,1.0,0.0,0.0,control,0,0.091
2857,2.0,3.7398500798453966,1.0,0.0,1.0,1.0,control,0,0.0
2858,1.0,2.9495062790776725,0.0,0.0,0.0,1.0,womens_offer,0,0.0
2859,5.0,5.25441597690306,1.0,1.0,0.0,0.0,womens_offer,0,0.0
2860,1.0,1.8795524258430671,0.0,0.0,0.0,1.0,womens_offer,0,0.0
2861,12.0,3.248037159442483,0.0,1.0,0.0,1.0,control,0,0.091
2862,10.0,4.378539806873515,1.0,1.0,0.0,0.0,mens_offer,0,-0.04
2863,2.0,3.680602878902968,1.0,1.0,0.0,0.0,womens_offer,0,0.091
2864,10.0,4.66239468875444,0.0,1.0,0.0,0.0,mens_offer,1,0.091
2865,10.0,3.9074532789645713,1.0,0.0,0.0,1.0,control,0,-0.04
2866,9.0,3.5970896721418435,0.0,0.0,0.0,0.0,womens_offer,0,0.0
2867,11.0,5.927247821053197,1.0,0.0,1.0,0.0,control,1,0.0
2868,9.0,3.8025641926149283,1.0,0.0,1.0,0.0,mens_offer,0,-0.04
2869,7.0,3.8574853019144792,1.0,1.0,0.0,1.0,womens_offer,1,0.091
2870,9.0,3.0518096584248227,1.0,0.0,1.0,0.0,mens_offer,0,-0.04
2871,10.0,3.3415054616326403,1.0,1.0,0.0,0.0,mens_offer,0,-0.04
2872,8.0,4.57455828038288,1.0,0.0,0.0,0.0,control,0,0.0
2873,6.0,4.498619292133204,1.0,1.0,0.0,0.0,mens_offer,0,0.091
2874,7.0,4.00012750153901,0.0,1.0,0.0,1.0,womens_offer,1,0.091
2875,5.0,3.3842112021098356,1.0,0.0,0.0,0.0,mens_offer,0,0.0
2876,5.0,4.608715548494317,0.0,0.0,0.0,0.0,control,0,0.0
2877,7.0,2.5300526473698177,1.0,0.0,1.0,0.0,control,0,0.0
2878,9.0,3.6989048084598313,1.0,1.0,0.0,0.0,control,0,-0.04
2879,3.0,3.7777394626909064,1.0,1.0,0.0,0.0,control,0,0.091
2880,6.0,3.2596281366919975,1.0,1.0,0.0,0.0,womens_offer,1,0.091
2881,4.0,4.136436885671791,0.0,0.0,0.0,0.0,control,0,0.0
2882,2.0,3.415386188507891,0.0,1.0,1.0,0.0,control,0,0.26
2883,4.0,3.2980266134967273,0.0,1.0,0.0,0.0,control,0,0.091
2884,4.0,5.610566766375882,0.0,0.0,0.0,0.0,mens_offer,1,0.0
2885,12.0,4.661657449036065,0.0,0.0,1.0,0.0,mens_offer,1,0.0
2886,5.0,5.071698546698179,0.0,1.0,1.0,1.0,mens_offer,1,0.0
2887,5.0,4.049847169053299,0.0,1.0,0.0,0.0,mens_offer,1,0.091
2888,5.0,4.86276721614075,1.0,0.0,0.0,1.0,control,0,0.0
2889,3.0,4.6994066240245695,1.0,1.0,1.0,0.0,control,1,0.26
2890,11.0,5.086153413531788,1.0,1.0,0.0,0.0,womens_offer,0,0.0
2891,12.0,6.122505026534403,1.0,1.0,1.0,0.0,control,0,0.0
2892,5.0,3.8072977756046127,1.0,0.0,0.0,0.0,control,0,0.0
2893,2.0,4.237201901285897,1.0,1.0,0.0,0.0,womens_offer,0,0.091
2894,1.0,3.9627855655484012,0.0,0.0,0.0,0.0,mens_offer,0,0.0
2895,12.0,1.1890715765809126,0.0,0.0,1.0,0.0,control,0,0.0
2896,10.0,2.7966648929633346,0.0,1.0,0.0,0.0,mens_offer,0,0.091
2897,11.0,4.0263204287448655,0.0,0.0,0.0,1.0,mens_offer,0,0.0
2898,8.0,4.57252779976617,1.0,1.0,0.0,0.0,mens_offer,0,0.091
2899,8.0,3.504574030128286,0.0,1.0,0.0,0.0,mens_offer,0,0.091
2900,10.0,5.021528558313131,1.0,1.0,0.0,0.0,control,0,0.0
2901,6.0,5.1547607727941065,0.0,1.0,1.0,0.0,mens_offer,0,0.0
2902,10.0,3.6482736112229674,0.0,1.0,1.0,0.0,control,1,0.26
2903,3.0,5.281151870455092,1.0,1.0,1.0,0.0,womens_offer,0,0.0
2904,6.0,5.575178471922914,1.0,1.0,1.0,0.0,mens_offer,0,0.0
2905,2.0,4.425138441707892,1.0,0.0,1.0,1.0,mens_offer,1,0.0
2906,10.0,3.1557641796079343,1.0,0.0,0.0,0.0,control,0,-0.04
2907,2.0,5.322579614956743,1.0,0.0,0.0,0.0,womens_offer,0,0.0
2908,7.0,3.870164664306778,1.0,1.0,1.0,0.0,control,0,0.26
2909,5.0,3.6825488271857973,0.0,0.0,1.0,0.0,control,0,0.0
2910,12.0,4.118519859989662,0.0,1.0,1.0,1.0,mens_offer,0,0.26
2911,5.0,3.543166292167301,1.0,0.0,0.0,0.0,mens_offer,0,0.0
2912,2.0,4.97035236694131,1.0,0.0,0.0,0.0,control,1,0.0
2913,12.0,4.707222461312431,1.0,1.0,0.0,0.0,mens_offer,0,-0.04
2914,7.0,5.102226001418974,1.0,0.0,1.0,1.0,womens_offer,1,0.0
2915,7.0,4.533127942074914,1.0,1.0,1.0,1.0,womens_offer,0,0.26
2916,8.0,3.321564728581211,0.0,0.0,0.0,0.0,mens_offer,0,0.0
2917,12.0,3.877255487333496,1.0,0.0,0.0,0.0,womens_offer,0,-0.04
2918,1.0,4.796137610948636,1.0,1.0,1.0,0.0,control,0,0.0
2919,9.0,3.659826533817972,0.0,1.0,1.0,0.0,control,0,0.26
2920,6.0,6.62929764666611,0.0,0.0,1.0,1.0,control,0,0.0
2921,2.0,3.8044511649563066,0.0,1.0,1.0,1.0,womens_offer,1,0.26
2922,11.0,3.5028244729272386,1.0,1.0,1.0,1.0,mens_offer,0,-0.04
2923,7.0,5.0405039783287755,1.0,0.0,0.0,0.0,control,1,0.0
2924,11.0,4.682265109051941,1.0,0.0,0.0,0.0,womens_offer,1,-0.04
2925,2.0,3.993474455088983,1.0,1.0,1.0,0.0,womens_offer,0,0.26
2926,9.0,3.8150629735971893,1.0,1.0,1.0,1.0,control,0,-0.04
2927,1.0,4.396252791621515,1.0,1.0,0.0,0.0,mens_offer,0,0.091
2928,12.0,4.760577088404683,1.0,1.0,0.0,1.0,mens_offer,0,-0.04
2929,12.0,4.695619772834655,1.0,1.0,0.0,0.0,control,0,-0.04
2930,11.0,3.7522484744085522,1.0,0.0,0.0,0.0,mens_offer,0,-0.04
2931,5.0,4.401062031744406,1.0,1.0,1.0,0.0,control,1,0.26
2932,9.0,4.76808954142676,0.0,0.0,1.0,1.0,control,0,0.0
2933,3.0,4.6976318374944315,0.0,0.0,0.0,1.0,control,1,0.0
2934,11.0,1.4804624792679697,1.0,0.0,1.0,1.0,control,0,-0.04
2935,2.0,3.2387646672183315,1.0,0.0,1.0,0.0,control,0,0.0
2936,9.0,3.337879175969609,0.0,0.0,0.0,1.0,womens_offer,0,0.0
2937,8.0,3.8149915623180513,1.0,0.0,0.0,0.0,womens_offer,1,0.0
2938,4.0,4.176646726643703,0.0,1.0,1.0,1.0,mens_offer,0,0.26
2939,6.0,4.837251374989584,1.0,1.0,0.0,0.0,mens_offer,1,0.0
2940,6.0,4.566366817461308,0.0,1.0,1.0,0.0,womens_offer,1,0.26
2941,1.0,3.906067235281104,0.0,1.0,1.0,0.0,womens_offer,0,0.26
2942,1.0,4.0386071887335975,0.0,0.0,0.0,0.0,womens_offer,0,0.0
2943,9.0,5.586961385189154,0.0,0.0,0.0,1.0,control,1,0.0
2944,9.0,3.479810483695524,0.0,1.0,0.0,0.0,mens_offer,0,0.091
2945,4.0,4.287869615344173,0.0,1.0,1.0,0.0,control,1,0.26
2946,6.0,5.413415575277581,1.0,0.0,0.0,0.0,mens_offer,1,0.0
2947,10.0,4.324658258400109,0.0,0.0,1.0,0.0,womens_offer,0,0.0
2948,9.0,2.2698953461960736,1.0,0.0,0.0,0.0,womens_offer,0,-0.04
2949,6.0,4.350420208426734,1.0,1.0,0.0,0.0,mens_offer,1,0.091
2950,11.0,3.6770044466262135,1.0,0.0,0.0,0.0,womens_offer,0,-0.04
2951,7.0,3.9182842595497944,1.0,0.0,0.0,1.0,womens_offer,0,0.0
2952,1.0,4.952999483267986,1.0,1.0,1.0,0.0,mens_offer,1,0.0
2953,6.0,4.434512552752805,0.0,1.0,1.0,0.0,mens_offer,0,0.26
2954,3.0,3.7853257574402686,1.0,1.0,0.0,0.0,control,0,0.091
2955,9.0,4.810981741260265,1.0,0.0,0.0,0.0,womens_offer,1,0.0
2956,2.0,4.404053454770921,1.0,0.0,1.0,0.0,control,0,0.0
2957,12.0,4.111151564613098,1.0,1.0,0.0,1.0,mens_offer,0,-0.04
2958,8.0,4.284779606372703,0.0,0.0,1.0,0.0,mens_offer,1,0.0
2959,10.0,4.242282345797455,0.0,1.0,0.0,0.0,mens_offer,0,0.091
2960,6.0,3.7189858880594646,0.0,0.0,1.0,0.0,control,1,0.0
2961,1.0,3.6141201371587153,1.0,0.0,0.0,0.0,control,0,0.0
2962,6.0,4.0403923648248,0.0,1.0,0.0,1.0,control,1,0.091
2963,6.0,3.1835035253779607,0.0,0.0,0.0,0.0,mens_offer,0,0.0
2964,6.0,2.9223155134851977,1.0,0.0,1.0,0.0,mens_offer,1,0.0
2965,3.0,5.1764837167838555,1.0,0.0,1.0,0.0,womens_offer,0,0.0
2966,3.0,3.8067475720579527,1.0,1.0,0.0,0.0,womens_offer,1,0.091
2967,2.0,3.996940624785441,1.0,0.0,0.0,1.0,mens_offer,1,0.0
2968,6.0,3.8989320436568717,1.0,0.0,0.0,0.0,mens_offer,0,0.0
2969,3.0,4.038840076203807,0.0,1.0,0.0,0.0,womens_offer,0,0.091
2970,8.0,4.03822581331746,0.0,1.0,0.0,0.0,mens_offer,0,0.091
2971,3.0,4.075737910258467,0.0,0.0,1.0,1.0,mens_offer,0,0.0
2972,6.0,3.312648157202826,1.0,0.0,1.0,0.0,mens_offer,0,0.0
2973,12.0,4.84670606721549,0.0,1.0,0.0,0.0,mens_offer,1,0.0
2974,7.0,3.410690527323778,0.0,0.0,1.0,1.0,control,0,0.0
2975,9.0,4.9386050386797,1.0,0.0,0.0,0.0,control,1,0.0
2976,9.0,2.3710969493593104,1.0,0.0,0.0,0.0,womens_offer,0,-0.04
2977,11.0,3.091142701811611,1.0,0.0,0.0,0.0,control,0,-0.04
2978,1.0,4.900382991759913,0.0,1.0,0.0,0.0,womens_offer,0,0.0
2979,9.0,3.887377054598986,1.0,1.0,0.0,0.0,control,0,-0.04
2980,3.0,3.4290363882598967,0.0,0.0,0.0,1.0,womens_offer,0,0.0
2981,4.0,4.350638744888199,1.0,1.0,0.0,0.0,womens_offer,0,0.091
2982,11.0,3.1048922019365333,1.0,0.0,0.0,0.0,control,0,-0.04
2983,5.0,4.086131703051802,1.0,1.0,1.0,0.0,mens_offer,0,0.26
2984,7.0,2.132534026698773,1.0,1.0,1.0,0.0,womens_offer,0,0.26
2985,6.0,3.620022390050872,1.0,0.0,1.0,1.0,womens_offer,0,0.0
2986,2.0,3.447482518926864,0.0,1.0,0.0,0.0,control,0,0.091
2987,4.0,4.496860973701018,1.0,0.0,0.0,0.0,mens_offer,0,0.0
2988,2.0,4.796487164293387,0.0,0.0,0.0,0.0,mens_offer,0,0.0
2989,6.0,3.269667746217701,0.0,1.0,0.0,1.0,mens_offer,0,0.091
2990,1.0,5.452315692637412,1.0,0.0,1.0,1.0,mens_offer,1,0.0
2991,10.0,3.497898268672936,0.0,0.0,1.0,0.0,mens_offer,0,0.0
2992,7.0,2.2598878113558203,0.0,0.0,0.0,1.0,control,1,0.0
2993,1.0,2.0031790980985518,0.0,1.0,0.0,0.0,womens_offer,0,0.091
2994,12.0,5.389638846042072,0.0,0.0,1.0,1.0,womens_offer,1,0.0
2995,4.0,3.9408402364974284,1.0,1.0,1.0,0.0,womens_offer,1,0.26
2996,5.0,3.449675503103402,1.0,0.0,0.0,0.0,control,0,0.0
2997,6.0,3.3621665975570316,1.0,1.0,0.0,1.0,womens_offer,0,0.091
2998,7.0,3.064792533723919,1.0,0.0,1.0,1.0,mens_offer,0,0.0
2999,9.0,5.222419259017604,1.0,0.0,1.0,1.0,mens_offer,0,0.0
3000,7.0,3.944064624781774,0.0,0.0,0.0,1.0,womens_offer,0,0.0
3001,8.0,5.614837390647702,1.0,1.0,1.0,1.0,mens_offer,0,0.0
3002,4.0,3.8425691775523902,0.0,0.0,1.0,0.0,womens_offer,0,0.0
3003,9.0,2.0261226196437816,0.0,0.0,1.0,1.0,womens_offer,0,0.0
3004,11.0,4.768519760339737,0.0,1.0,1.0,0.0,womens_offer,0,0.26
3005,2.0,3.6938156160112956,0.0,0.0,0.0,0.0,womens_offer,0,0.0
3006,2.0,3.8090487765723915,0.0,0.0,0.0,0.0,womens_offer,0,0.0
3007,3.0,5.415005273527826,1.0,0.0,1.0,0.0,womens_offer,1,0.0
3008,4.0,3.7859006062168064,0.0,1.0,1.0,0.0,control,1,0.26
3009,4.0,5.052209638510623,1.0,1.0,1.0,0.0,mens_offer,1,0.0
3010,10.0,4.013738397846557,1.0,0.0,0.0,0.0,womens_offer,0,-0.04
3011,4.0,3.3586194556127085,1.0,1.0,0.0,1.0,mens_offer,1,0.091
3012,11.0,4.468118447400617,1.0,0.0,1.0,1.0,control,0,-0.04
3013,10.0,3.490350483730634,1.0,1.0,0.0,0.0,control,0,-0.04
3014,12.0,5.111510664585993,0.0,0.0,0.0,0.0,control,1,0.0
3015,12.0,4.871588545288337,1.0,1.0,1.0,0.0,womens_offer,1,0.0
3016,1.0,4.07362258095396,0.0,0.0,0.0,0.0,control,0,0.0
3017,9.0,4.559430531882747,1.0,0.0,1.0,1.0,mens_offer,0,-0.04
3018,11.0,4.519100644540126,0.0,1.0,0.0,0.0,womens_offer,0,0.091
3019,1.0,3.7751453326543114,1.0,0.0,0.0,0.0,control,0,0.0
3020,2.0,4.813782019461965,1.0,0.0,0.0,0.0,mens_offer,1,0.0
3021,4.0,3.8176618434173557,0.0,0.0,1.0,1.0,control,0,0.0
3022,3.0,4.5650490302562705,0.0,1.0,0.0,0.0,mens_offer,0,0.091
3023,10.0,3.1868672369528728,0.0,1.0,1.0,0.0,mens_offer,0,0.26
3024,2.0,4.108396147190231,1.0,1.0,0.0,0.0,control,0,0.091
3025,12.0,4.386999174985398,0.0,0.0,0.0,0.0,womens_offer,0,0.0
3026,5.0,3.3269544105918234,0.0,0.0,0.0,0.0,control,0,0.0
3027,8.0,3.6533513803295428,1.0,1.0,1.0,1.0,mens_offer,0,0.26
3028,5.0,3.5511706252678343,0.0,0.0,0.0,0.0,control,1,0.0
3029,5.0,4.6670295850555945,0.0,0.0,0.0,0.0,mens_offer,0,0.0
3030,11.0,3.3891690482352694,0.0,1.0,0.0,1.0,mens_offer,0,0.091
3031,5.0,4.4097930568145784,1.0,0.0,0.0,1.0,mens_offer,1,0.0
3032,12.0,5.38051362722122,0.0,1.0,0.0,0.0,womens_offer,1,0.0
3033,8.0,4.338168259718942,1.0,0.0,0.0,1.0,womens_offer,0,0.0
3034,5.0,2.6287053729634735,0.0,1.0,1.0,0.0,womens_offer,0,0.26
3035,11.0,4.134058867787815,0.0,0.0,0.0,0.0,control,0,0.0
3036,4.0,4.949055179548123,1.0,1.0,0.0,0.0,control,0,0.0
3037,5.0,3.7712362644630875,1.0,1.0,0.0,0.0,mens_offer,0,0.091
3038,11.0,5.010846380108415,0.0,1.0,0.0,1.0,control,1,0.0
3039,3.0,4.572777772460675,0.0,1.0,1.0,0.0,mens_offer,0,0.26
3040,11.0,4.397774689931174,1.0,0.0,0.0,0.0,control,1,-0.04
3041,1.0,3.7942577621763656,1.0,0.0,1.0,0.0,control,0,0.0
3042,1.0,3.5742887841686306,0.0,1.0,0.0,0.0,mens_offer,0,0.091
3043,2.0,3.799418354117522,0.0,0.0,1.0,1.0,mens_offer,0,0.0
3044,8.0,4.081339842229456,1.0,1.0,0.0,1.0,mens_offer,1,0.091
3045,11.0,4.490002629944061,0.0,1.0,1.0,0.0,mens_offer,0,0.26
3046,11.0,4.399129520771338,0.0,0.0,1.0,0.0,control,0,0.0
3047,8.0,3.761326266444953,1.0,0.0,1.0,0.0,mens_offer,1,0.0
3048,8.0,4.084794671914126,1.0,0.0,0.0,0.0,mens_offer,1,0.0
3049,12.0,4.371028191166099,1.0,0.0,1.0,1.0,womens_offer,0,-0.04
3050,12.0,2.6227291573919893,1.0,0.0,1.0,0.0,womens_offer,0,-0.04
3051,1.0,3.354231957837639,1.0,0.0,0.0,0.0,mens_offer,0,0.0
3052,7.0,3.3278406409591774,0.0,1.0,1.0,1.0,womens_offer,0,0.26
3053,5.0,3.8487048030061133,0.0,1.0,1.0,1.0,womens_offer,0,0.26
3054,2.0,3.7859584742653847,1.0,0.0,0.0,0.0,mens_offer,0,0.0
3055,10.0,3.8018106735858908,0.0,0.0,0.0,0.0,control,0,0.0
3056,7.0,3.2651110299313615,1.0,0.0,0.0,0.0,mens_offer,0,0.0
3057,8.0,4.627237018857486,1.0,0.0,1.0,1.0,control,0,0.0
3058,7.0,4.276274610695208,1.0,0.0,0.0,1.0,womens_offer,0,0.0
3059,1.0,2.6103817351517526,1.0,0.0,1.0,1.0,control,0,0.0
3060,11.0,4.042471198334995,0.0,1.0,0.0,0.0,womens_offer,0,0.091
3061,5.0,3.0479481615950537,1.0,1.0,0.0,1.0,control,0,0.091
3062,3.0,5.549214856197294,0.0,1.0,1.0,1.0,mens_offer,0,0.0
3063,8.0,3.6302686986438437,0.0,1.0,0.0,0.0,control,0,0.091
3064,4.0,3.684682141442728,0.0,1.0,0.0,1.0,control,0,0.091
3065,9.0,4.1059825279487265,0.0,1.0,1.0,0.0,mens_offer,0,0.26
3066,7.0,3.85545128314881,0.0,0.0,0.0,0.0,womens_offer,1,0.0
3067,6.0,3.980590742925023,0.0,0.0,0.0,0.0,mens_offer,0,0.0
3068,2.0,5.411536628565945,1.0,0.0,1.0,0.0,womens_offer,1,0.0
3069,3.0,4.232690310728312,1.0,0.0,1.0,0.0,mens_offer,0,0.0
3070,11.0,4.774752470382823,1.0,1.0,1.0,0.0,womens_offer,1,0.0
3071,12.0,5.035991116317607,1.0,1.0,0.0,1.0,mens_offer,1,0.0
3072,7.0,3.18038471301404,1.0,0.0,0.0,0.0,mens_offer,0,0.0
3073,6.0,5.539474151178814,0.0,1.0,1.0,0.0,control,1,0.0
3074,3.0,4.6444585203645685,0.0,0.0,0.0,1.0,control,0,0.0
3075,9.0,4.884558363645199,1.0,1.0,1.0,0.0,control,1,0.0
3076,8.0,3.277100713041418,1.0,1.0,1.0,1.0,mens_offer,0,0.26
3077,7.0,4.760011969992066,1.0,0.0,0.0,1.0,womens_offer,1,0.0
3078,4.0,4.400349649637372,1.0,1.0,0.0,0.0,control,0,0.091
3079,1.0,3.5614326596486374,1.0,1.0,0.0,0.0,mens_offer,0,0.091
3080,12.0,6.073036250877861,1.0,1.0,0.0,1.0,control,0,0.0
3081,3.0,4.537151595034911,0.0,0.0,0.0,1.0,mens_offer,0,0.0
3082,8.0,3.823046378076664,1.0,1.0,1.0,1.0,mens_offer,0,0.26
3083,1.0,4.2061215262603335,1.0,0.0,0.0,0.0,womens_offer,0,0.0
3084,9.0,4.84375505655347,1.0,0.0,1.0,0.0,mens_offer,1,0.0
3085,3.0,5.040473184062888,1.0,0.0,0.0,0.0,mens_offer,0,0.0
3086,9.0,4.550981259134408,1.0,1.0,0.0,1.0,mens_offer,0,-0.04
3087,3.0,5.118513913189753,1.0,0.0,1.0,0.0,mens_offer,0,0.0
3088,6.0,5.345031815180362,0.0,0.0,1.0,0.0,womens_offer,1,0.0
3089,5.0,2.9591971884258457,1.0,1.0,0.0,1.0,womens_offer,1,0.091
3090,7.0,3.6077194210213346,1.0,0.0,1.0,1.0,womens_offer,0,0.0
3091,4.0,3.2129247317476715,1.0,1.0,0.0,0.0,control,0,0.091
3092,5.0,4.121424829719333,1.0,1.0,1.0,0.0,mens_offer,0,0.26
3093,5.0,5.321453205410349,0.0,1.0,0.0,1.0,womens_offer,0,0.0
3094,8.0,4.615511171319058,0.0,0.0,0.0,0.0,mens_offer,0,0.0
3095,10.0,3.1217724696914826,0.0,1.0,0.0,0.0,womens_offer,0,0.091
3096,5.0,3.7767690442135176,1.0,0.0,0.0,1.0,womens_offer,0,0.0
3097,1.0,4.950730303128521,0.0,0.0,1.0,1.0,mens_offer,1,0.0
3098,3.0,3.5682636980684417,1.0,1.0,1.0,1.0,mens_offer,0,0.26
3099,2.0,3.9503997329045144,1.0,0.0,0.0,0.0,womens_offer,0,0.0
3100,8.0,4.3055888887191855,1.0,1.0,0.0,0.0,womens_offer,1,0.091
3101,10.0,2.4672795691300635,0.0,1.0,0.0,0.0,womens_offer,1,0.091
3102,3.0,4.728510405959024,0.0,1.0,1.0,0.0,mens_offer,1,0.26
3103,7.0,4.339216098682106,0.0,0.0,0.0,1.0,womens_offer,0,0.0
3104,6.0,4.540399642293836,1.0,0.0,1.0,0.0,mens_offer,0,0.0
3105,6.0,3.179694808523714,1.0,0.0,1.0,0.0,control,0,0.0
3106,11.0,3.362084048515787,1.0,1.0,1.0,0.0,womens_offer,0,-0.04
3107,4.0,3.5111670917557287,1.0,0.0,0.0,1.0,control,0,0.0
3108,8.0,4.257763499847006,1.0,1.0,1.0,0.0,mens_offer,1,0.26
3109,7.0,4.098057023205027,1.0,0.0,0.0,1.0,womens_offer,0,0.0
3110,11.0,4.148941807135989,0.0,0.0,1.0,0.0,womens_offer,0,0.0
3111,3.0,5.6341254409360575,1.0,0.0,0.0,0.0,control,0,0.0
3112,12.0,5.198473877636841,1.0,0.0,0.0,0.0,mens_offer,1,0.0
3113,11.0,3.404662892833114,0.0,0.0,1.0,1.0,womens_offer,0,0.0
3114,6.0,3.4617261936615877,0.0,1.0,0.0,1.0,control,0,0.091
3115,10.0,5.565987809600792,1.0,0.0,0.0,0.0,womens_offer,1,0.0
3116,8.0,3.756371419421246,1.0,1.0,0.0,1.0,control,0,0.091
3117,4.0,5.264142168978266,1.0,1.0,0.0,0.0,mens_offer,1,0.0
3118,11.0,5.461018023501962,0.0,0.0,1.0,0.0,control,1,0.0
3119,1.0,3.558772869389148,1.0,0.0,1.0,0.0,control,0,0.0
3120,2.0,3.798129740088298,1.0,0.0,1.0,0.0,control,0,0.0
3121,11.0,4.109106834840642,0.0,1.0,0.0,1.0,control,0,0.091
3122,10.0,3.279008043506754,0.0,0.0,1.0,1.0,mens_offer,0,0.0
3123,4.0,3.1803814770627077,1.0,1.0,0.0,0.0,control,0,0.091
3124,12.0,3.682410735861973,1.0,0.0,1.0,0.0,womens_offer,0,-0.04
3125,8.0,4.7937437065249044,0.0,0.0,1.0,1.0,mens_offer,1,0.0
3126,3.0,3.641460042531523,1.0,1.0,1.0,0.0,mens_offer,0,0.26
3127,11.0,3.8537381175806384,0.0,1.0,1.0,0.0,womens_offer,0,0.26
3128,12.0,3.626259625120696,0.0,0.0,0.0,0.0,control,0,0.0
3129,10.0,2.849275573327432,1.0,0.0,1.0,0.0,mens_offer,0,-0.04
3130,8.0,5.358656568146216,1.0,0.0,0.0,0.0,mens_offer,0,0.0
3131,11.0,2.048081191496805,0.0,0.0,1.0,1.0,womens_offer,0,0.0
3132,10.0,3.4612285287535802,0.0,1.0,0.0,0.0,womens_offer,0,0.091
3133,6.0,4.531673968068201,1.0,1.0,0.0,0.0,control,0,0.091
3134,10.0,2.823007483122002,1.0,1.0,0.0,0.0,control,0,-0.04
3135,11.0,4.572654957251471,0.0,1.0,0.0,0.0,control,1,0.091
3136,1.0,5.150905674651644,0.0,1.0,0.0,0.0,control,0,0.0
3137,6.0,3.2824824054492088,0.0,1.0,0.0,0.0,womens_offer,0,0.091
3138,12.0,4.2204607236351706,1.0,0.0,1.0,1.0,womens_offer,0,-0.04
3139,4.0,3.06613328825116,1.0,1.0,0.0,0.0,mens_offer,0,0.091
3140,8.0,4.485382172393812,0.0,0.0,1.0,0.0,mens_offer,0,0.0
3141,6.0,4.113689913314735,1.0,0.0,0.0,0.0,womens_offer,0,0.0
3142,8.0,4.226312955195416,0.0,0.0,0.0,0.0,control,0,0.0
3143,5.0,5.252373579265844,1.0,1.0,0.0,0.0,mens_offer,1,0.0
3144,8.0,4.453302833109269,1.0,1.0,1.0,0.0,womens_offer,1,0.26
3145,10.0,5.234222413852735,0.0,0.0,1.0,1.0,womens_offer,1,0.0
3146,9.0,4.598343240402934,0.0,1.0,1.0,0.0,womens_offer,1,0.26
3147,10.0,2.9894272986786015,0.0,1.0,0.0,0.0,control,1,0.091
3148,4.0,4.266851609897735,0.0,1.0,0.0,0.0,womens_offer,0,0.091
3149,2.0,4.469514473321397,1.0,0.0,1.0,1.0,mens_offer,1,0.0
3150,7.0,2.780411268821974,0.0,0.0,1.0,0.0,womens_offer,0,0.0
3151,2.0,5.223003540239613,0.0,1.0,0.0,0.0,womens_offer,0,0.0
3152,8.0,4.095441704860797,0.0,0.0,0.0,0.0,control,0,0.0
3153,5.0,4.361531939792088,1.0,0.0,0.0,1.0,womens_offer,1,0.0
3154,9.0,3.2500951140850187,1.0,1.0,0.0,0.0,womens_offer,0,-0.04
3155,6.0,4.099442436607384,0.0,0.0,1.0,0.0,mens_offer,0,0.0
3156,7.0,4.300908625502996,1.0,0.0,1.0,1.0,control,0,0.0
3157,12.0,3.747609635435348,1.0,0.0,1.0,0.0,womens_offer,0,-0.04
3158,8.0,4.106549866253477,1.0,0.0,1.0,0.0,womens_offer,1,0.0
3159,12.0,2.2241812389584554,1.0,0.0,0.0,0.0,control,0,-0.04
3160,3.0,5.248356555875907,1.0,1.0,0.0,0.0,control,0,0.0
3161,12.0,3.0623767866605527,0.0,0.0,0.0,1.0,womens_offer,0,0.0
3162,3.0,2.173909256943095,1.0,1.0,1.0,0.0,control,0,0.26
3163,9.0,3.1946294089594165,0.0,0.0,0.0,0.0,womens_offer,0,0.0
3164,1.0,3.3031383411811324,0.0,0.0,1.0,0.0,mens_offer,0,0.0
3165,9.0,4.517312620363117,1.0,1.0,0.0,1.0,mens_offer,1,-0.04
3166,11.0,3.2346819253151256,0.0,0.0,1.0,0.0,mens_offer,0,0.0
3167,4.0,4.28653939747571,1.0,0.0,1.0,0.0,mens_offer,0,0.0
3168,2.0,3.1950422089942467,0.0,0.0,0.0,0.0,womens_offer,0,0.0
3169,5.0,6.005498079690822,0.0,1.0,0.0,0.0,womens_offer,0,0.0
3170,1.0,4.518368957454951,1.0,1.0,0.0,1.0,mens_offer,0,0.091
3171,1.0,5.7802215233164365,1.0,0.0,1.0,0.0,mens_offer,0,0.0
3172,6.0,3.147264259379758,0.0,1.0,1.0,0.0,mens_offer,0,0.26
3173,10.0,4.6235259911910935,1.0,0.0,0.0,0.0,womens_offer,0,-0.04
3174,5.0,3.1973450597471897,0.0,1.0,0.0,0.0,control,0,0.091
3175,4.0,4.547340435084472,1.0,0.0,0.0,1.0,control,0,0.0
3176,3.0,4.635869320698519,0.0,1.0,0.0,1.0,control,0,0.091
3177,1.0,2.6536851998868998,0.0,1.0,0.0,0.0,control,0,0.091
3178,5.0,3.0415544461410478,0.0,1.0,0.0,1.0,womens_offer,0,0.091
3179,4.0,3.0158318746531414,1.0,0.0,0.0,1.0,control,0,0.0
3180,6.0,2.729253135686743,0.0,0.0,0.0,0.0,womens_offer,0,0.0
3181,4.0,3.391129448850378,1.0,1.0,0.0,0.0,control,0,0.091
3182,8.0,3.192284469207939,0.0,1.0,0.0,0.0,womens_offer,0,0.091
3183,9.0,2.7777954731226555,0.0,0.0,1.0,0.0,control,0,0.0
3184,1.0,4.118399296942122,1.0,1.0,0.0,0.0,mens_offer,1,0.091
3185,1.0,4.515739172039264,1.0,0.0,1.0,0.0,control,0,0.0
3186,4.0,2.8875404471600445,0.0,1.0,1.0,0.0,mens_offer,0,0.26
3187,3.0,3.5412573093883273,1.0,1.0,0.0,1.0,control,0,0.091
3188,2.0,4.037811212443999,1.0,0.0,0.0,0.0,control,0,0.0
3189,11.0,3.8260129965388905,1.0,1.0,0.0,1.0,womens_offer,0,-0.04
3190,2.0,3.4151524117150434,1.0,1.0,1.0,0.0,womens_offer,0,0.26
3191,11.0,4.750016811997855,0.0,0.0,0.0,1.0,control,1,0.0
3192,1.0,4.782501033970248,0.0,1.0,0.0,0.0,mens_offer,1,0.0
3193,8.0,4.633095909730742,1.0,1.0,1.0,1.0,control,0,0.26
3194,5.0,3.845455680190492,1.0,1.0,1.0,1.0,mens_offer,0,0.26
3195,7.0,5.801946930541783,1.0,0.0,1.0,0.0,womens_offer,0,0.0
3196,7.0,5.581207332013253,1.0,1.0,0.0,1.0,control,0,0.0
3197,3.0,3.6747084731393476,1.0,0.0,0.0,1.0,womens_offer,0,0.0
3198,2.0,3.9224091785559687,1.0,0.0,1.0,1.0,mens_offer,0,0.0
3199,11.0,5.086142519341139,0.0,0.0,0.0,1.0,womens_offer,0,0.0
3200,9.0,3.327263962609679,1.0,1.0,0.0,1.0,control,0,-0.04
3201,10.0,4.381336221955074,0.0,0.0,0.0,0.0,womens_offer,0,0.0
3202,8.0,4.0686748549502525,0.0,0.0,0.0,0.0,womens_offer,1,0.0
3203,7.0,3.4103562193010704,0.0,0.0,0.0,0.0,mens_offer,0,0.0
3204,11.0,3.8232222730076364,0.0,1.0,0.0,1.0,mens_offer,0,0.091
3205,2.0,2.666886608237441,0.0,1.0,0.0,0.0,control,0,0.091
3206,8.0,3.5496187775228165,1.0,1.0,0.0,1.0,control,0,0.091
3207,3.0,2.316983747548982,1.0,1.0,0.0,1.0,mens_offer,0,0.091
3208,8.0,6.06326013363718,0.0,0.0,1.0,1.0,mens_offer,0,0.0
3209,5.0,5.368488993267479,0.0,0.0,0.0,1.0,mens_offer,1,0.0
3210,6.0,5.120223929956666,1.0,1.0,0.0,1.0,control,1,0.0
3211,4.0,4.293771233941415,0.0,0.0,0.0,0.0,mens_offer,0,0.0
3212,8.0,4.91404004790084,0.0,1.0,1.0,0.0,mens_offer,1,0.0
3213,1.0,5.158449321226227,1.0,1.0,0.0,1.0,womens_offer,1,0.0
3214,10.0,4.92904446441654,0.0,1.0,0.0,0.0,mens_offer,0,0.0
3215,5.0,4.841597732109439,1.0,1.0,0.0,1.0,control,1,0.0
3216,12.0,3.2264152672087545,0.0,0.0,0.0,1.0,womens_offer,0,0.0
3217,6.0,4.404635296798246,1.0,1.0,0.0,1.0,control,0,0.091
3218,2.0,3.554204312030591,0.0,1.0,0.0,0.0,womens_offer,0,0.091
3219,4.0,2.994835099749902,1.0,0.0,0.0,0.0,womens_offer,0,0.0
3220,6.0,3.028078033109383,0.0,0.0,0.0,1.0,control,0,0.0
3221,5.0,4.402749903270456,1.0,0.0,1.0,0.0,womens_offer,0,0.0
3222,4.0,4.959932111952476,0.0,1.0,0.0,1.0,womens_offer,1,0.0
3223,4.0,2.8344315514500864,0.0,0.0,1.0,0.0,womens_offer,0,0.0
3224,9.0,5.579393187337259,0.0,0.0,0.0,0.0,womens_offer,1,0.0
3225,5.0,5.331558813133035,0.0,1.0,1.0,0.0,control,1,0.0
3226,2.0,3.6870050148120366,0.0,1.0,0.0,1.0,control,0,0.091
3227,8.0,3.614425370250789,1.0,0.0,0.0,0.0,womens_offer,0,0.0
3228,9.0,3.957197962241061,1.0,0.0,1.0,1.0,womens_offer,0,-0.04
3229,6.0,4.894068947837302,1.0,1.0,0.0,1.0,mens_offer,1,0.0
3230,9.0,3.6838317405557377,1.0,1.0,1.0,0.0,womens_offer,0,-0.04
3231,3.0,3.055394739423533,0.0,1.0,0.0,1.0,control,0,0.091
3232,2.0,4.3250397999585655,0.0,0.0,0.0,0.0,womens_offer,0,0.0
3233,10.0,2.25438182239068,1.0,0.0,0.0,0.0,mens_offer,0,-0.04
3234,10.0,4.144587269888913,1.0,1.0,0.0,1.0,control,0,-0.04
3235,7.0,5.051143678766319,1.0,1.0,0.0,1.0,control,0,0.0
3236,6.0,4.29012825736059,0.0,0.0,1.0,1.0,control,0,0.0
3237,6.0,4.712388718777117,0.0,0.0,1.0,1.0,mens_offer,1,0.0
3238,3.0,4.456872067616051,0.0,0.0,0.0,0.0,mens_offer,0,0.0
3239,9.0,4.665233652067423,0.0,0.0,1.0,1.0,control,0,0.0
3240,5.0,4.147067918851134,0.0,0.0,0.0,1.0,womens_offer,1,0.0
3241,10.0,3.2916849715620384,0.0,1.0,0.0,1.0,control,0,0.091
3242,6.0,3.820256940113917,0.0,0.0,1.0,0.0,control,0,0.0
3243,11.0,3.953439442068774,1.0,1.0,1.0,0.0,mens_offer,0,-0.04
3244,11.0,5.138856844796197,1.0,0.0,0.0,1.0,mens_offer,0,0.0
3245,10.0,5.467758194599753,1.0,1.0,1.0,0.0,mens_offer,1,0.0
3246,4.0,4.39101622592858,1.0,0.0,1.0,0.0,control,0,0.0
3247,9.0,3.3579487182809067,1.0,0.0,0.0,1.0,womens_offer,0,-0.04
3248,10.0,3.377997340198923,0.0,1.0,0.0,0.0,womens_offer,0,0.091
3249,9.0,3.8526972392249763,1.0,1.0,1.0,0.0,mens_offer,0,-0.04
3250,11.0,5.255151974685428,0.0,0.0,0.0,0.0,mens_offer,0,0.0
3251,2.0,4.31457875216201,1.0,1.0,0.0,1.0,control,0,0.091
3252,8.0,3.9692681099606353,0.0,1.0,1.0,1.0,control,0,0.26
3253,9.0,3.347301598382257,0.0,1.0,1.0,0.0,control,0,0.26
3254,5.0,4.802385139214054,1.0,0.0,0.0,0.0,womens_offer,1,0.0
3255,4.0,4.274451821196087,1.0,1.0,0.0,1.0,womens_offer,0,0.091
3256,7.0,3.973290603174473,1.0,1.0,1.0,0.0,womens_offer,0,0.26
3257,4.0,4.109631368175112,1.0,0.0,1.0,0.0,control,1,0.0
3258,8.0,5.521870766767093,0.0,1.0,0.0,0.0,mens_offer,1,0.0
3259,2.0,3.876598978179604,1.0,1.0,0.0,1.0,control,1,0.091
3260,5.0,5.523612314430077,1.0,0.0,1.0,0.0,mens_offer,0,0.0
3261,5.0,5.124026290954158,1.0,0.0,0.0,0.0,womens_offer,0,0.0
3262,9.0,4.064429084315553,0.0,0.0,0.0,0.0,control,0,0.0
3263,1.0,4.80371943960432,0.0,0.0,0.0,0.0,control,1,0.0
3264,5.0,3.9088661477739834,0.0,0.0,0.0,0.0,control,0,0.0
3265,8.0,3.292336396846597,1.0,1.0,1.0,0.0,womens_offer,1,0.26
3266,6.0,3.781930409788864,1.0,0.0,1.0,0.0,mens_offer,0,0.0
3267,9.0,3.224092864746852,1.0,1.0,0.0,0.0,womens_offer,0,-0.04
3268,11.0,4.471796408676213,1.0,1.0,1.0,0.0,control,0,-0.04
3269,10.0,4.031168277263557,0.0,0.0,0.0,0.0,mens_offer,0,0.0
3270,5.0,4.521974153269936,0.0,0.0,0.0,0.0,control,0,0.0
3271,2.0,4.752682574544904,1.0,0.0,0.0,0.0,womens_offer,0,0.0
3272,2.0,1.4569709642729596,0.0,1.0,0.0,1.0,control,0,0.091
3273,8.0,4.294091664916767,0.0,0.0,0.0,1.0,mens_offer,0,0.0
3274,2.0,2.4671333677530543,1.0,0.0,0.0,0.0,womens_offer,1,0.0
3275,11.0,4.165610002083661,0.0,1.0,0.0,0.0,womens_offer,0,0.091
3276,7.0,3.249899667864057,0.0,1.0,1.0,0.0,control,0,0.26
3277,1.0,4.110351981741017,1.0,0.0,1.0,0.0,mens_offer,0,0.0
3278,10.0,5.234252522244677,1.0,1.0,0.0,0.0,womens_offer,0,0.0
3279,3.0,2.544727631727532,0.0,0.0,0.0,0.0,control,0,0.0
3280,12.0,4.186901129394848,1.0,1.0,0.0,0.0,mens_offer,0,-0.04
3281,4.0,3.9488813384748083,0.0,0.0,0.0,0.0,womens_offer,0,0.0
3282,7.0,2.3928226521272387,1.0,1.0,1.0,0.0,womens_offer,0,0.26
3283,6.0,4.59335347267772,1.0,0.0,1.0,0.0,control,0,0.0
3284,5.0,4.048403717486192,1.0,0.0,0.0,0.0,mens_offer,0,0.0
3285,3.0,3.5706757202789547,0.0,0.0,1.0,0.0,womens_offer,0,0.0
3286,1.0,3.38486707391038,1.0,0.0,0.0,0.0,womens_offer,0,0.0
3287,7.0,6.892313280713678,1.0,0.0,1.0,0.0,control,1,0.0
3288,12.0,3.671291356567583,0.0,1.0,1.0,0.0,mens_offer,0,0.26
3289,5.0,2.468248859559216,0.0,1.0,1.0,0.0,mens_offer,0,0.26
3290,4.0,3.203652803837495,0.0,1.0,0.0,0.0,mens_offer,0,0.091
3291,8.0,3.695203936360571,0.0,1.0,0.0,0.0,womens_offer,1,0.091
3292,12.0,3.6795993112261023,0.0,0.0,1.0,1.0,control,0,0.0
3293,7.0,3.948504107373592,1.0,1.0,1.0,0.0,womens_offer,1,0.26
3294,12.0,3.1036396724235256,0.0,1.0,0.0,0.0,womens_offer,0,0.091
3295,9.0,4.498573763399122,1.0,0.0,1.0,0.0,womens_offer,0,-0.04
3296,10.0,3.5925171201982673,0.0,1.0,1.0,0.0,womens_offer,0,0.26
3297,3.0,2.835809881121364,1.0,1.0,1.0,1.0,control,0,0.26
3298,7.0,3.303422142004064,1.0,0.0,0.0,0.0,womens_offer,0,0.0
3299,9.0,3.679363038867595,1.0,1.0,1.0,1.0,control,0,-0.04
3300,5.0,4.772258692089169,1.0,0.0,0.0,0.0,womens_offer,0,0.0
3301,9.0,4.447844669706906,0.0,1.0,0.0,0.0,womens_offer,0,0.091
3302,5.0,3.720309983276272,1.0,0.0,0.0,1.0,mens_offer,0,0.0
3303,9.0,4.035561099960694,0.0,0.0,1.0,0.0,control,0,0.0
3304,6.0,4.208612912703347,0.0,1.0,0.0,0.0,womens_offer,0,0.091
3305,1.0,5.837772381648678,1.0,1.0,0.0,1.0,womens_offer,0,0.0
3306,2.0,3.4755715388346493,1.0,1.0,0.0,0.0,mens_offer,1,0.091
3307,12.0,4.43232017296867,1.0,1.0,1.0,1.0,mens_offer,0,-0.04
3308,8.0,4.663212040006196,1.0,1.0,1.0,0.0,womens_offer,0,0.26
3309,7.0,3.1845300435913706,0.0,0.0,1.0,0.0,control,0,0.0
3310,10.0,4.185629855268317,0.0,0.0,1.0,0.0,mens_offer,0,0.0
3311,4.0,4.162776377326925,0.0,1.0,1.0,1.0,control,1,0.26
3312,5.0,3.6047481978121083,0.0,0.0,1.0,0.0,womens_offer,0,0.0
3313,6.0,4.521753702347788,1.0,1.0,0.0,0.0,mens_offer,1,0.091
3314,8.0,4.932875148463394,1.0,1.0,0.0,0.0,mens_offer,0,0.0
3315,7.0,5.023806506400089,0.0,1.0,1.0,0.0,mens_offer,1,0.0
3316,4.0,3.8489005029136734,0.0,1.0,0.0,1.0,mens_offer,0,0.091
3317,7.0,4.186209976170599,1.0,1.0,1.0,0.0,control,0,0.26
3318,5.0,6.117800203878923,1.0,0.0,0.0,0.0,womens_offer,0,0.0
3319,3.0,3.054995016967154,0.0,0.0,1.0,1.0,mens_offer,0,0.0
3320,3.0,4.214571548684035,1.0,1.0,0.0,0.0,mens_offer,0,0.091
3321,4.0,4.809164671708154,0.0,0.0,0.0,0.0,womens_offer,0,0.0
3322,7.0,4.1509830733527515,0.0,1.0,1.0,1.0,mens_offer,0,0.26
3323,5.0,4.60047153487008,0.0,1.0,0.0,1.0,control,0,0.091
3324,6.0,4.170973569104486,0.0,1.0,0.0,0.0,mens_offer,0,0.091
3325,10.0,4.687542703404092,0.0,1.0,1.0,0.0,mens_offer,0,0.26
3326,9.0,5.1600646558029934,0.0,0.0,0.0,1.0,mens_offer,0,0.0
3327,6.0,3.8228398254926765,0.0,0.0,1.0,1.0,womens_offer,0,0.0
3328,7.0,4.19297252004955,1.0,1.0,0.0,1.0,mens_offer,0,0.091
3329,1.0,3.969365235294792,1.0,0.0,1.0,0.0,mens_offer,0,0.0
3330,5.0,3.662732089639611,1.0,1.0,1.0,1.0,mens_offer,0,0.26
3331,6.0,4.000800595932303,0.0,1.0,1.0,1.0,mens_offer,0,0.26
3332,4.0,3.0309901003613993,0.0,1.0,0.0,0.0,womens_offer,0,0.091
3333,3.0,4.679394573756169,1.0,0.0,0.0,0.0,control,1,0.0
3334,9.0,5.5361541807793335,0.0,1.0,1.0,1.0,control,0,0.0
3335,1.0,5.53800239204949,1.0,1.0,1.0,1.0,mens_offer,1,0.0
3336,12.0,5.154061345084386,0.0,1.0,1.0,0.0,womens_offer,1,0.0
3337,12.0,3.174980890392211,0.0,0.0,1.0,0.0,control,0,0.0
3338,8.0,5.372447245474687,0.0,0.0,1.0,0.0,womens_offer,1,0.0
3339,4.0,3.3904062011351246,0.0,1.0,1.0,0.0,mens_offer,0,0.26
3340,4.0,3.9712757064307604,1.0,0.0,1.0,1.0,mens_offer,0,0.0
3341,7.0,5.665024856893143,0.0,1.0,0.0,1.0,womens_offer,1,0.0
3342,9.0,3.082223498107991,0.0,1.0,1.0,0.0,womens_offer,0,0.26
3343,5.0,4.765724401279346,0.0,0.0,0.0,0.0,control,0,0.0
3344,6.0,4.267262124394538,1.0,0.0,1.0,0.0,womens_offer,0,0.0
3345,1.0,3.8839013916841907,0.0,0.0,0.0,0.0,womens_offer,0,0.0
3346,11.0,3.2510661047911484,0.0,0.0,0.0,1.0,mens_offer,0,0.0
3347,11.0,4.392697737868761,1.0,1.0,1.0,1.0,control,0,-0.04
3348,4.0,3.6100112657414125,0.0,1.0,1.0,0.0,control,0,0.26
3349,12.0,4.9478542525419655,1.0,1.0,0.0,0.0,mens_offer,0,0.0
3350,11.0,5.107927582521983,1.0,0.0,1.0,0.0,mens_offer,0,0.0
3351,3.0,2.820075116469847,0.0,0.0,1.0,0.0,mens_offer,0,0.0
3352,2.0,3.5737157242414934,1.0,0.0,0.0,1.0,mens_offer,0,0.0
3353,6.0,3.73694408295854,0.0,0.0,0.0,0.0,womens_offer,0,0.0
3354,9.0,2.988153146361132,0.0,0.0,1.0,0.0,control,0,0.0
3355,5.0,3.0427647475943567,0.0,0.0,0.0,0.0,mens_offer,0,0.0
3356,9.0,4.096571704675909,1.0,1.0,1.0,1.0,mens_offer,0,-0.04
3357,3.0,3.834596989073276,0.0,0.0,1.0,0.0,control,1,0.0
3358,12.0,2.591220102959701,1.0,0.0,0.0,0.0,womens_offer,0,-0.04
3359,8.0,3.544981267912057,0.0,0.0,0.0,0.0,control,0,0.0
3360,4.0,4.478430516880895,1.0,1.0,0.0,1.0,control,0,0.091
3361,10.0,2.9671934269339175,1.0,0.0,0.0,0.0,control,0,-0.04
3362,5.0,3.209954108486623,1.0,0.0,1.0,1.0,womens_offer,0,0.0
3363,10.0,5.433285125317076,0.0,0.0,0.0,0.0,control,1,0.0
3364,9.0,5.191076199276585,0.0,0.0,0.0,0.0,control,1,0.0
3365,9.0,2.6169034645284883,1.0,0.0,1.0,0.0,control,0,-0.04
3366,2.0,2.8440745869424244,0.0,0.0,0.0,0.0,control,0,0.0
3367,1.0,4.3524857778418005,0.0,0.0,0.0,1.0,control,0,0.0
3368,9.0,2.9797897300129352,0.0,1.0,1.0,1.0,womens_offer,0,0.26
3369,3.0,3.795227668013457,0.0,0.0,1.0,0.0,womens_offer,0,0.0
3370,1.0,3.6209660746099086,0.0,1.0,1.0,0.0,womens_offer,1,0.26
3371,7.0,4.51514272682186,1.0,1.0,1.0,0.0,mens_offer,1,0.26
3372,12.0,1.8882366177359966,0.0,0.0,0.0,0.0,mens_offer,0,0.0
3373,9.0,2.14257472876613,0.0,1.0,0.0,1.0,mens_offer,0,0.091
3374,4.0,2.950176541094385,0.0,0.0,1.0,1.0,control,0,0.0
3375,5.0,4.919817414028594,0.0,0.0,0.0,1.0,mens_offer,1,0.0
3376,9.0,3.8819277787502138,0.0,1.0,0.0,0.0,womens_offer,1,0.091
3377,6.0,2.5443780613912192,0.0,0.0,0.0,0.0,mens_offer,0,0.0
3378,7.0,4.4553744239604205,1.0,1.0,1.0,0.0,mens_offer,1,0.26
3379,11.0,4.646552957169046,0.0,1.0,0.0,0.0,control,0,0.091
3380,1.0,3.801318322332075,1.0,1.0,1.0,0.0,womens_offer,0,0.26
3381,1.0,3.7268659504099713,1.0,0.0,0.0,0.0,control,0,0.0
3382,11.0,4.406150473544412,1.0,0.0,0.0,1.0,control,0,-0.04
3383,4.0,5.094668889665531,0.0,0.0,0.0,0.0,womens_offer,0,0.0
3384,10.0,4.153033738647819,1.0,1.0,0.0,1.0,womens_offer,0,-0.04
3385,4.0,4.491059076943846,1.0,1.0,0.0,0.0,womens_offer,0,0.091
3386,11.0,3.97554076434451,1.0,0.0,1.0,0.0,mens_offer,0,-0.04
3387,12.0,3.6823294088791383,0.0,1.0,1.0,1.0,control,0,0.26
3388,12.0,3.216582084911465,1.0,0.0,0.0,1.0,control,0,-0.04
3389,3.0,4.245111444129889,1.0,1.0,0.0,0.0,control,1,0.091
3390,7.0,3.7535372410025345,0.0,0.0,1.0,1.0,mens_offer,0,0.0
3391,1.0,3.803277947053362,1.0,0.0,1.0,1.0,control,0,0.0
3392,4.0,4.8446469498299685,1.0,1.0,0.0,0.0,control,1,0.0
3393,5.0,4.450937290597879,1.0,1.0,0.0,1.0,womens_offer,0,0.091
3394,1.0,4.791424212447811,1.0,0.0,1.0,1.0,control,0,0.0
3395,8.0,2.654821017317491,0.0,1.0,1.0,0.0,control,0,0.26
3396,3.0,4.513563122980733,1.0,0.0,1.0,1.0,control,0,0.0
3397,2.0,3.499788567608514,0.0,0.0,0.0,0.0,womens_offer,0,0.0
3398,8.0,3.309788019940749,1.0,1.0,0.0,0.0,mens_offer,0,0.091
3399,11.0,3.271743415073114,0.0,1.0,0.0,0.0,control,0,0.091
3400,12.0,5.0963939882647935,0.0,1.0,0.0,0.0,womens_offer,0,0.0
3401,3.0,4.753734308689461,0.0,0.0,0.0,1.0,mens_offer,0,0.0
3402,10.0,3.389111081541661,1.0,1.0,1.0,0.0,womens_offer,0,-0.04
3403,9.0,3.025913802999441,1.0,0.0,0.0,0.0,mens_offer,0,-0.04
3404,10.0,4.030285748021626,1.0,0.0,1.0,0.0,mens_offer,0,-0.04
3405,2.0,3.6137069309195784,0.0,1.0,1.0,0.0,control,0,0.26
3406,6.0,5.497710371149983,0.0,0.0,1.0,0.0,control,1,0.0
3407,11.0,2.7508518063419283,1.0,0.0,0.0,0.0,control,0,-0.04
3408,7.0,2.4439504470422273,0.0,0.0,0.0,0.0,control,0,0.0
3409,3.0,3.792614634507278,1.0,1.0,1.0,0.0,mens_offer,0,0.26
3410,1.0,4.027640659812279,0.0,0.0,0.0,1.0,womens_offer,1,0.0
3411,9.0,4.135480302857758,1.0,1.0,1.0,1.0,mens_offer,0,-0.04
3412,1.0,4.687334394304403,0.0,1.0,1.0,1.0,control,0,0.26
3413,11.0,5.868832249389817,1.0,0.0,0.0,0.0,mens_offer,0,0.0
3414,8.0,3.7165108247464227,0.0,0.0,0.0,1.0,control,0,0.0
3415,4.0,3.539524470036601,0.0,1.0,1.0,1.0,control,0,0.26
3416,3.0,2.5021448078979103,0.0,1.0,1.0,0.0,control,0,0.26
3417,2.0,4.233670277908986,0.0,1.0,0.0,0.0,womens_offer,1,0.091
3418,5.0,4.776528526065107,1.0,0.0,0.0,1.0,womens_offer,1,0.0
3419,8.0,3.788495862118901,1.0,1.0,0.0,1.0,mens_offer,0,0.091
3420,4.0,5.06886296121859,1.0,1.0,0.0,0.0,mens_offer,1,0.0
3421,6.0,4.044927020220703,1.0,1.0,0.0,0.0,womens_offer,1,0.091
3422,8.0,5.368041968794534,1.0,1.0,0.0,1.0,womens_offer,0,0.0
3423,6.0,4.313299968656185,1.0,0.0,0.0,1.0,control,0,0.0
3424,3.0,3.0948924578624033,0.0,1.0,0.0,1.0,control,0,0.091
3425,10.0,3.4588337319859424,0.0,1.0,0.0,0.0,control,0,0.091
3426,9.0,2.6899283822823734,0.0,1.0,0.0,0.0,control,0,0.091
3427,6.0,2.5204825816883596,0.0,1.0,0.0,0.0,control,0,0.091
3428,3.0,4.254525035841102,1.0,0.0,1.0,1.0,control,0,0.0
3429,6.0,4.790977188667055,0.0,0.0,0.0,0.0,womens_offer,0,0.0
3430,5.0,5.761985466617642,0.0,0.0,1.0,0.0,control,1,0.0
3431,6.0,3.9694087559780047,0.0,1.0,1.0,0.0,womens_offer,1,0.26
3432,2.0,3.809241080138827,0.0,1.0,0.0,1.0,mens_offer,0,0.091
3433,6.0,3.050365639041046,0.0,1.0,1.0,0.0,control,0,0.26
3434,1.0,4.896085163060472,0.0,0.0,0.0,0.0,womens_offer,1,0.0
3435,5.0,4.363079960265471,0.0,1.0,1.0,1.0,mens_offer,0,0.26
3436,9.0,3.495195073546419,0.0,0.0,0.0,0.0,womens_offer,0,0.0
3437,2.0,4.629485507808565,0.0,0.0,1.0,1.0,control,0,0.0
3438,2.0,4.516204607449234,1.0,1.0,1.0,0.0,control,0,0.26
3439,4.0,2.4110477669913677,1.0,0.0,0.0,0.0,control,0,0.0
3440,11.0,4.677767761750976,1.0,0.0,0.0,1.0,control,1,-0.04
3441,4.0,4.138572605203215,0.0,1.0,1.0,1.0,womens_offer,0,0.26
3442,12.0,3.6733894346526164,1.0,1.0,0.0,1.0,mens_offer,0,-0.04
3443,3.0,3.6509376384249386,1.0,1.0,1.0,0.0,control,0,0.26
3444,1.0,5.577351813778818,0.0,1.0,0.0,1.0,control,0,0.0
3445,10.0,5.386952842932656,0.0,0.0,0.0,0.0,womens_offer,1,0.0
3446,2.0,5.646882475970284,1.0,0.0,1.0,1.0,mens_offer,1,0.0
3447,2.0,3.0164167873074716,0.0,1.0,1.0,1.0,mens_offer,0,0.26
3448,7.0,3.4434312555371207,1.0,1.0,1.0,0.0,control,0,0.26
3449,3.0,4.823011407583208,1.0,1.0,1.0,1.0,mens_offer,1,0.0
3450,8.0,2.965300151581739,1.0,1.0,0.0,0.0,mens_offer,0,0.091
3451,7.0,3.3862388269157284,1.0,1.0,0.0,0.0,mens_offer,1,0.091
3452,9.0,2.465008636480204,0.0,1.0,0.0,1.0,control,0,0.091
3453,4.0,5.671232218987741,0.0,0.0,0.0,1.0,control,0,0.0
3454,4.0,4.963430178254555,0.0,1.0,0.0,0.0,womens_offer,1,0.0
3455,3.0,4.424711814419852,0.0,0.0,0.0,1.0,womens_offer,0,0.0
3456,9.0,4.212223516369287,1.0,0.0,0.0,0.0,mens_offer,0,-0.04
3457,5.0,3.6508928313394646,1.0,0.0,0.0,0.0,mens_offer,0,0.0
3458,11.0,3.6677750532776967,1.0,1.0,0.0,1.0,mens_offer,0,-0.04
3459,7.0,4.564586372893704,0.0,1.0,0.0,1.0,control,0,0.091
3460,10.0,3.3935653718919587,0.0,1.0,0.0,0.0,control,0,0.091
3461,9.0,5.110705730184338,0.0,1.0,1.0,1.0,womens_offer,1,0.0
3462,9.0,3.584812749476145,1.0,1.0,0.0,0.0,mens_offer,0,-0.04
3463,12.0,3.2532778996809077,0.0,1.0,0.0,0.0,womens_offer,0,0.091
3464,6.0,5.173889436314517,0.0,1.0,0.0,1.0,control,1,0.0
3465,11.0,3.891054448341472,1.0,0.0,0.0,1.0,womens_offer,0,-0.04
3466,10.0,4.510441999969842,0.0,1.0,0.0,1.0,control,1,0.091
3467,6.0,3.6528160712352706,1.0,0.0,0.0,0.0,control,0,0.0
3468,9.0,2.1048599691672996,0.0,1.0,1.0,0.0,womens_offer,0,0.26
3469,6.0,4.503613125418625,1.0,1.0,0.0,0.0,womens_offer,0,0.091
3470,8.0,2.847710455247354,0.0,0.0,0.0,0.0,control,0,0.0
3471,5.0,4.980898476756984,0.0,0.0,0.0,1.0,mens_offer,1,0.0
3472,6.0,2.6756143318429673,0.0,0.0,1.0,1.0,mens_offer,0,0.0
3473,3.0,2.415213908357717,0.0,0.0,0.0,0.0,control,0,0.0
3474,8.0,4.290665529004344,0.0,1.0,0.0,1.0,womens_offer,0,0.091
3475,12.0,4.395157104978905,1.0,1.0,0.0,0.0,mens_offer,0,-0.04
3476,5.0,4.112519902257928,1.0,0.0,0.0,1.0,mens_offer,1,0.0
3477,1.0,2.960937427232047,1.0,0.0,1.0,0.0,womens_offer,0,0.0
3478,9.0,4.807877488822059,0.0,0.0,1.0,0.0,control,0,0.0
3479,3.0,2.7479811465528385,1.0,1.0,1.0,0.0,mens_offer,0,0.26
3480,9.0,3.6095990614596625,0.0,1.0,0.0,0.0,womens_offer,1,0.091
3481,8.0,3.32723713995354,1.0,1.0,0.0,0.0,womens_offer,0,0.091
3482,12.0,3.6854965485845144,0.0,0.0,0.0,0.0,mens_offer,0,0.0
3483,8.0,4.775967960475379,1.0,1.0,0.0,0.0,womens_offer,1,0.0
3484,2.0,3.461225419570787,1.0,0.0,1.0,0.0,control,0,0.0
3485,4.0,4.518912208591446,0.0,0.0,0.0,1.0,mens_offer,0,0.0
3486,4.0,4.634490156355424,1.0,1.0,1.0,1.0,womens_offer,1,0.26
3487,12.0,2.5420400399507965,0.0,0.0,0.0,1.0,womens_offer,0,0.0
3488,11.0,3.0010895218214637,0.0,0.0,0.0,0.0,womens_offer,0,0.0
3489,5.0,3.6805161367590706,0.0,0.0,0.0,0.0,womens_offer,0,0.0
3490,11.0,3.497821275342219,1.0,1.0,1.0,1.0,womens_offer,0,-0.04
3491,8.0,4.290694431383442,0.0,1.0,1.0,0.0,mens_offer,0,0.26
3492,4.0,2.3606203781338633,1.0,1.0,1.0,0.0,control,0,0.26
3493,2.0,4.658062140304432,1.0,0.0,1.0,0.0,womens_offer,0,0.0
3494,11.0,4.679443776216605,1.0,0.0,0.0,1.0,control,1,-0.04
3495,11.0,3.86967036847768,1.0,0.0,1.0,0.0,womens_offer,0,-0.04
3496,9.0,2.816900291720984,0.0,1.0,1.0,0.0,mens_offer,0,0.26
3497,2.0,4.023084932080713,1.0,0.0,1.0,0.0,mens_offer,0,0.0
3498,7.0,3.545536010794834,0.0,0.0,1.0,0.0,control,0,0.0
3499,5.0,4.520914341316,1.0,1.0,1.0,0.0,control,0,0.26
3500,9.0,3.942707702636446,0.0,0.0,1.0,0.0,mens_offer,0,0.0
3501,11.0,4.6648693603404645,1.0,0.0,1.0,0.0,control,1,-0.04
3502,7.0,3.636702190843982,0.0,0.0,1.0,1.0,control,0,0.0
3503,12.0,5.303340417683659,1.0,0.0,0.0,1.0,mens_offer,0,0.0
3504,3.0,2.061793489826032,0.0,0.0,0.0,0.0,control,0,0.0
3505,11.0,3.1301380507021017,1.0,0.0,1.0,0.0,mens_offer,0,-0.04
3506,11.0,4.453437917496333,0.0,0.0,1.0,1.0,control,1,0.0
3507,10.0,2.709094017623439,1.0,1.0,0.0,0.0,mens_offer,0,-0.04
3508,12.0,4.671738446753004,0.0,1.0,1.0,0.0,mens_offer,1,0.26
3509,3.0,2.9582574216103636,0.0,0.0,0.0,0.0,womens_offer,0,0.0
3510,3.0,4.100579837736544,1.0,0.0,0.0,0.0,control,0,0.0
3511,1.0,3.2175948794066698,1.0,1.0,0.0,0.0,control,0,0.091
3512,10.0,3.6297949275192245,1.0,0.0,1.0,0.0,womens_offer,0,-0.04
3513,6.0,4.172692128550344,1.0,0.0,0.0,0.0,mens_offer,0,0.0
3514,4.0,3.925665304942419,0.0,1.0,0.0,0.0,womens_offer,0,0.091
3515,1.0,3.6822992256340643,0.0,0.0,0.0,0.0,mens_offer,0,0.0
3516,4.0,5.940438818768467,1.0,0.0,0.0,0.0,womens_offer,1,0.0
3517,12.0,4.025629056888676,1.0,0.0,1.0,1.0,mens_offer,0,-0.04
3518,1.0,3.1699493560387335,0.0,1.0,0.0,0.0,control,0,0.091
3519,1.0,4.8427574636913295,1.0,1.0,0.0,0.0,womens_offer,1,0.0
3520,4.0,4.747308368070088,0.0,1.0,1.0,0.0,mens_offer,0,0.26
3521,4.0,5.1067061505625375,1.0,0.0,1.0,0.0,control,0,0.0
3522,3.0,5.612192260408098,1.0,1.0,1.0,0.0,control,1,0.0
3523,3.0,3.196368259264196,0.0,1.0,0.0,0.0,womens_offer,0,0.091
3524,7.0,4.960603005325186,0.0,0.0,0.0,1.0,mens_offer,1,0.0
3525,1.0,5.032185386728417,0.0,0.0,0.0,1.0,mens_offer,0,0.0
3526,12.0,4.0184718992514545,0.0,1.0,0.0,1.0,womens_offer,0,0.091
3527,6.0,4.235229541915919,1.0,0.0,0.0,0.0,mens_offer,0,0.0
3528,5.0,1.539041187224238,0.0,0.0,1.0,0.0,mens_offer,0,0.0
3529,1.0,3.5136850468492797,0.0,0.0,1.0,0.0,control,0,0.0
3530,3.0,5.612824354462693,1.0,0.0,0.0,1.0,mens_offer,0,0.0
3531,11.0,2.47935702062935,0.0,1.0,0.0,0.0,mens_offer,0,0.091
3532,5.0,3.547106908865931,0.0,0.0,0.0,1.0,control,0,0.0
3533,9.0,4.273177843942674,0.0,0.0,1.0,1.0,womens_offer,0,0.0
3534,2.0,4.528858689058436,0.0,1.0,0.0,1.0,womens_offer,0,0.091
3535,5.0,5.472597261069976,1.0,0.0,1.0,1.0,mens_offer,0,0.0
3536,4.0,2.499182435979611,0.0,1.0,1.0,0.0,control,0,0.26
3537,11.0,4.055960299184776,1.0,1.0,0.0,0.0,control,0,-0.04
3538,5.0,4.782118316075929,0.0,1.0,1.0,0.0,control,0,0.0
3539,10.0,2.8757418946483337,1.0,1.0,1.0,1.0,womens_offer,0,-0.04
3540,12.0,3.9830834763829275,1.0,0.0,0.0,0.0,mens_offer,0,-0.04
3541,4.0,5.699669128428856,1.0,1.0,0.0,0.0,mens_offer,1,0.0
3542,3.0,5.1904409042857065,1.0,0.0,0.0,0.0,control,0,0.0
3543,11.0,4.496756142972656,0.0,1.0,1.0,0.0,control,0,0.26
3544,12.0,1.8234329452296387,0.0,1.0,1.0,0.0,mens_offer,0,0.26
3545,12.0,3.9030849881817606,1.0,0.0,0.0,1.0,control,0,-0.04
3546,2.0,4.360631076797103,0.0,0.0,0.0,1.0,womens_offer,0,0.0
3547,8.0,3.746261637668034,1.0,1.0,0.0,1.0,mens_offer,0,0.091
3548,2.0,3.960345221600995,1.0,0.0,0.0,0.0,mens_offer,0,0.0
3549,5.0,6.776222539765583,0.0,1.0,1.0,0.0,womens_offer,0,0.0
3550,5.0,3.828950374274815,0.0,1.0,0.0,1.0,mens_offer,1,0.091
3551,11.0,3.1702339147794554,0.0,0.0,0.0,0.0,mens_offer,0,0.0
3552,9.0,4.233192807822906,1.0,0.0,0.0,0.0,control,0,-0.04
3553,12.0,3.739936273572203,0.0,1.0,0.0,0.0,mens_offer,0,0.091
3554,11.0,3.745142640614977,0.0,0.0,1.0,0.0,womens_offer,0,0.0
3555,5.0,3.9412268667683223,0.0,1.0,1.0,0.0,womens_offer,1,0.26
3556,11.0,4.705721623363859,1.0,0.0,0.0,0.0,womens_offer,0,-0.04
3557,2.0,4.2284374455894245,0.0,1.0,0.0,0.0,womens_offer,0,0.091
3558,3.0,2.9712972233531927,1.0,0.0,0.0,0.0,womens_offer,1,0.0
3559,11.0,3.900994692434699,1.0,1.0,0.0,0.0,mens_offer,0,-0.04
3560,1.0,4.438882690254026,1.0,1.0,0.0,1.0,womens_offer,0,0.091
3561,8.0,3.6065671962876036,1.0,0.0,0.0,0.0,womens_offer,0,0.0
3562,11.0,5.040540691113383,0.0,1.0,1.0,1.0,mens_offer,0,0.0
3563,3.0,4.708474780499716,0.0,0.0,0.0,0.0,mens_offer,0,0.0
3564,9.0,3.1520156893441524,0.0,0.0,0.0,1.0,womens_offer,0,0.0
3565,7.0,4.301456020575782,0.0,0.0,0.0,0.0,control,0,0.0
3566,9.0,5.788464719167824,0.0,0.0,1.0,1.0,mens_offer,0,0.0
3567,4.0,5.4086522351607105,1.0,0.0,0.0,0.0,mens_offer,0,0.0
3568,2.0,3.9684390711850077,1.0,0.0,1.0,0.0,mens_offer,0,0.0
3569,12.0,4.8159827951660485,0.0,1.0,0.0,1.0,mens_offer,1,0.0
3570,2.0,3.42656141598499,1.0,1.0,1.0,0.0,womens_offer,0,0.26
3571,5.0,2.7619802173410393,1.0,1.0,0.0,1.0,mens_offer,0,0.091
3572,1.0,4.509947577686225,0.0,0.0,0.0,1.0,womens_offer,0,0.0
3573,3.0,4.236447950487595,0.0,1.0,0.0,0.0,womens_offer,0,0.091
3574,8.0,4.474200535836042,1.0,1.0,0.0,1.0,control,1,0.091
3575,1.0,3.9963248890280694,1.0,0.0,1.0,0.0,mens_offer,0,0.0
3576,3.0,4.306941054821015,1.0,0.0,0.0,1.0,mens_offer,1,0.0
3577,5.0,3.5670230601499164,1.0,1.0,0.0,0.0,control,0,0.091
3578,4.0,4.437824734770079,1.0,1.0,1.0,0.0,control,0,0.26
3579,12.0,4.758389007628255,0.0,1.0,0.0,0.0,control,1,0.091
3580,3.0,3.9665513445531637,1.0,1.0,0.0,0.0,mens_offer,1,0.091
3581,3.0,4.741495111308804,1.0,1.0,0.0,0.0,mens_offer,0,0.091
3582,10.0,2.4924776704033667,1.0,1.0,1.0,1.0,womens_offer,0,-0.04
3583,6.0,3.328889451880018,0.0,0.0,0.0,0.0,control,0,0.0
3584,6.0,5.30504129898827,1.0,0.0,1.0,0.0,mens_offer,1,0.0
3585,12.0,5.589250606095006,0.0,1.0,1.0,1.0,control,0,0.0
3586,3.0,4.240048542957124,1.0,0.0,0.0,1.0,mens_offer,0,0.0
3587,1.0,3.926882360267293,0.0,1.0,1.0,0.0,control,0,0.26
3588,11.0,2.91458369278821,0.0,1.0,0.0,0.0,control,0,0.091
3589,4.0,4.3403361825833695,1.0,1.0,0.0,1.0,control,0,0.091
3590,4.0,4.709643492335015,1.0,1.0,1.0,1.0,mens_offer,0,0.26
3591,10.0,2.733583595140572,0.0,0.0,1.0,0.0,control,0,0.0
3592,8.0,4.514023310126961,0.0,1.0,1.0,0.0,womens_offer,1,0.26
3593,2.0,4.453308249166717,0.0,0.0,0.0,0.0,womens_offer,0,0.0
3594,11.0,4.409020087213988,0.0,1.0,0.0,1.0,mens_offer,0,0.091
3595,12.0,3.034518905241347,0.0,0.0,0.0,1.0,control,0,0.0
3596,1.0,4.498843255344621,1.0,1.0,0.0,0.0,control,0,0.091
3597,11.0,2.7199979983887292,0.0,0.0,0.0,0.0,mens_offer,0,0.0
3598,3.0,5.344521901531112,1.0,1.0,1.0,0.0,control,1,0.0
3599,2.0,4.137752504898366,1.0,1.0,0.0,0.0,control,1,0.091
3600,10.0,3.003594587660378,1.0,0.0,1.0,0.0,womens_offer,0,-0.04
3601,8.0,5.216110773237692,0.0,0.0,1.0,0.0,control,1,0.0
3602,6.0,5.045071240083852,0.0,0.0,1.0,0.0,control,1,0.0
3603,7.0,3.4469715959971214,1.0,1.0,0.0,0.0,control,0,0.091
3604,3.0,5.986210086618886,1.0,1.0,0.0,0.0,womens_offer,0,0.0
3605,9.0,3.140496663012291,0.0,0.0,1.0,1.0,womens_offer,0,0.0
3606,5.0,4.295796905971921,0.0,0.0,0.0,0.0,womens_offer,1,0.0
3607,4.0,5.070492999746549,1.0,0.0,0.0,0.0,control,1,0.0
3608,7.0,2.088621976079298,0.0,0.0,1.0,1.0,control,0,0.0
3609,5.0,4.908725953999967,0.0,0.0,0.0,0.0,womens_offer,1,0.0
3610,1.0,3.960981754990912,1.0,1.0,1.0,0.0,womens_offer,0,0.26
3611,3.0,4.004276049678944,0.0,1.0,1.0,1.0,control,0,0.26
3612,12.0,3.077971081407134,0.0,1.0,0.0,0.0,control,0,0.091
3613,4.0,4.311870871010611,1.0,0.0,1.0,1.0,mens_offer,0,0.0
3614,5.0,3.04972487523639,0.0,1.0,1.0,0.0,control,0,0.26
3615,3.0,3.1712425106371773,0.0,0.0,0.0,1.0,womens_offer,0,0.0
3616,1.0,3.6240725434803847,1.0,0.0,1.0,0.0,mens_offer,0,0.0
3617,11.0,2.9492049008005483,1.0,1.0,0.0,1.0,womens_offer,0,-0.04
3618,8.0,5.419895697211314,1.0,1.0,0.0,0.0,control,0,0.0
3619,11.0,2.8629486443781733,1.0,0.0,0.0,1.0,mens_offer,0,-0.04
3620,10.0,3.3561966095468465,1.0,1.0,0.0,1.0,mens_offer,0,-0.04
3621,5.0,3.739331070710314,0.0,1.0,1.0,1.0,control,0,0.26
3622,6.0,4.021305796786117,0.0,1.0,0.0,1.0,womens_offer,1,0.091
3623,9.0,4.722035120019824,0.0,0.0,1.0,1.0,womens_offer,0,0.0
3624,10.0,4.7452040442492605,1.0,1.0,1.0,1.0,womens_offer,0,-0.04
3625,6.0,3.7511970160133483,0.0,1.0,0.0,1.0,mens_offer,0,0.091
3626,1.0,3.679878913481514,0.0,0.0,0.0,0.0,control,0,0.0
3627,4.0,4.049119558753496,0.0,1.0,0.0,0.0,womens_offer,0,0.091
3628,4.0,4.7485319909943255,1.0,1.0,0.0,1.0,womens_offer,0,0.091
3629,5.0,4.6374644056664795,0.0,0.0,0.0,0.0,mens_offer,0,0.0
3630,8.0,3.5640040815894563,0.0,1.0,1.0,0.0,womens_offer,0,0.26
3631,12.0,2.2572454168957323,0.0,0.0,0.0,1.0,mens_offer,0,0.0
3632,2.0,5.931405917635272,1.0,1.0,0.0,1.0,mens_offer,0,0.0
3633,5.0,4.864041238406505,1.0,0.0,0.0,1.0,control,1,0.0
3634,4.0,4.251330962038042,1.0,0.0,0.0,1.0,control,0,0.0
3635,7.0,4.319790192243383,0.0,1.0,0.0,0.0,mens_offer,0,0.091
3636,10.0,3.559434000119699,0.0,0.0,1.0,0.0,control,0,0.0
3637,12.0,3.143152940045891,0.0,0.0,1.0,0.0,mens_offer,0,0.0
3638,7.0,3.72517207253462,0.0,1.0,0.0,0.0,mens_offer,0,0.091
3639,4.0,3.821909113800375,0.0,1.0,1.0,0.0,control,0,0.26
3640,3.0,3.46892227361603,0.0,1.0,1.0,0.0,womens_offer,0,0.26
3641,10.0,2.754331333788323,1.0,0.0,0.0,0.0,mens_offer,0,-0.04
3642,1.0,3.7426587675039635,0.0,1.0,0.0,1.0,control,0,0.091
3643,2.0,4.5297449407804775,0.0,1.0,0.0,1.0,womens_offer,0,0.091
3644,1.0,3.582787323882437,0.0,0.0,1.0,0.0,control,0,0.0
3645,9.0,4.03757293343515,0.0,0.0,1.0,0.0,control,0,0.0
3646,11.0,2.2479598599701727,1.0,0.0,0.0,0.0,mens_offer,0,-0.04
3647,10.0,3.8349761865003495,0.0,0.0,0.0,0.0,womens_offer,0,0.0
3648,4.0,3.9104718363510718,1.0,0.0,0.0,0.0,womens_offer,0,0.0
3649,11.0,2.950264235244134,0.0,0.0,0.0,0.0,control,0,0.0
3650,1.0,2.5267145350119393,0.0,0.0,0.0,0.0,control,0,0.0
3651,12.0,4.383208263480385,1.0,0.0,1.0,0.0,mens_offer,0,-0.04
3652,8.0,3.308566844604675,1.0,1.0,0.0,1.0,womens_offer,0,0.091
3653,9.0,4.451261121200984,0.0,0.0,0.0,0.0,mens_offer,0,0.0
3654,2.0,3.6481962824416474,0.0,0.0,1.0,0.0,control,0,0.0
3655,12.0,4.571285215764958,1.0,1.0,1.0,1.0,control,0,-0.04
3656,5.0,3.719625644608661,1.0,1.0,0.0,0.0,control,0,0.091
3657,4.0,2.712704407251162,0.0,1.0,0.0,1.0,mens_offer,0,0.091
3658,11.0,3.9417846765417655,1.0,1.0,1.0,1.0,womens_offer,0,-0.04
3659,7.0,3.7288751691506286,0.0,1.0,1.0,1.0,mens_offer,0,0.26
3660,2.0,4.6017196606412805,0.0,0.0,0.0,1.0,womens_offer,0,0.0
3661,3.0,3.6215732697498986,1.0,1.0,0.0,0.0,womens_offer,0,0.091
3662,5.0,3.671990939420003,0.0,0.0,1.0,0.0,womens_offer,0,0.0
3663,2.0,4.78230253078179,0.0,0.0,1.0,1.0,womens_offer,1,0.0
3664,7.0,5.0560706355762814,0.0,0.0,0.0,0.0,mens_offer,0,0.0
3665,6.0,4.692703732610028,1.0,1.0,0.0,1.0,womens_offer,1,0.091
3666,8.0,4.941182862479455,1.0,0.0,1.0,0.0,control,0,0.0
3667,9.0,4.420882190741858,1.0,1.0,0.0,0.0,control,1,-0.04
3668,2.0,4.702433143830976,1.0,1.0,1.0,0.0,mens_offer,1,0.26
3669,10.0,4.798703965643265,1.0,1.0,0.0,1.0,control,0,0.0
3670,10.0,4.3760387111335275,0.0,0.0,0.0,1.0,control,0,0.0
3671,1.0,4.073798572015238,1.0,1.0,0.0,1.0,womens_offer,0,0.091
3672,10.0,4.143927488843866,1.0,1.0,1.0,0.0,control,0,-0.04
3673,12.0,6.166468195788357,1.0,0.0,0.0,1.0,womens_offer,1,0.0
3674,5.0,4.030240073652469,1.0,1.0,1.0,0.0,control,0,0.26
3675,3.0,3.8092859642449013,1.0,1.0,0.0,0.0,womens_offer,0,0.091
3676,7.0,3.697269879580493,1.0,0.0,0.0,1.0,mens_offer,0,0.0
3677,4.0,3.9886875549451024,1.0,0.0,1.0,0.0,control,0,0.0
3678,3.0,4.234382557182587,1.0,1.0,0.0,1.0,mens_offer,1,0.091
3679,10.0,3.031431531483757,1.0,1.0,0.0,0.0,mens_offer,0,-0.04
3680,8.0,2.3208410993633413,0.0,0.0,1.0,1.0,control,0,0.0
3681,11.0,4.279669218224177,0.0,1.0,1.0,1.0,womens_offer,0,0.26
3682,9.0,2.629406388975395,0.0,0.0,0.0,0.0,mens_offer,0,0.0
3683,9.0,4.247253573482721,1.0,1.0,0.0,0.0,control,1,-0.04
3684,10.0,4.142567605649038,0.0,0.0,1.0,0.0,mens_offer,0,0.0
3685,4.0,5.044084265326769,0.0,1.0,1.0,0.0,control,1,0.0
3686,2.0,5.507242590063376,1.0,0.0,0.0,1.0,mens_offer,1,0.0
3687,6.0,4.343974709376189,1.0,0.0,0.0,1.0,womens_offer,0,0.0
3688,12.0,3.531157918764478,1.0,0.0,1.0,1.0,mens_offer,0,-0.04
3689,11.0,2.9940705654239004,1.0,1.0,0.0,1.0,womens_offer,0,-0.04
3690,9.0,3.3240797929202133,1.0,1.0,1.0,1.0,womens_offer,0,-0.04
3691,5.0,4.053493767328371,0.0,0.0,1.0,0.0,mens_offer,0,0.0
3692,3.0,2.2490668458456153,1.0,1.0,0.0,1.0,womens_offer,0,0.091
3693,10.0,4.0846922380288015,1.0,0.0,1.0,0.0,mens_offer,0,-0.04
3694,6.0,4.007495044699602,1.0,0.0,1.0,1.0,womens_offer,1,0.0
3695,10.0,4.590201863569373,0.0,1.0,0.0,0.0,control,0,0.091
3696,3.0,3.723295372771505,0.0,0.0,1.0,0.0,mens_offer,0,0.0
3697,6.0,4.108413468387586,1.0,0.0,0.0,0.0,control,0,0.0
3698,10.0,3.3723912805097123,1.0,0.0,0.0,1.0,mens_offer,0,-0.04
3699,11.0,3.609803020390633,1.0,0.0,0.0,1.0,womens_offer,0,-0.04
3700,1.0,2.4905857768665745,0.0,1.0,0.0,0.0,womens_offer,0,0.091
3701,5.0,4.127529887828371,0.0,0.0,0.0,0.0,womens_offer,0,0.0
3702,4.0,5.398400972985382,1.0,1.0,1.0,0.0,mens_offer,0,0.0
3703,9.0,4.162069710487885,1.0,0.0,1.0,0.0,womens_offer,0,-0.04
3704,10.0,4.342343429347002,1.0,1.0,1.0,1.0,control,0,-0.04
3705,8.0,3.1598895208053985,0.0,0.0,1.0,0.0,womens_offer,0,0.0
3706,9.0,5.293203236210494,0.0,0.0,1.0,1.0,womens_offer,1,0.0
3707,4.0,3.3455648400816855,1.0,1.0,1.0,0.0,womens_offer,0,0.26
3708,1.0,4.730458161626121,1.0,0.0,0.0,1.0,womens_offer,1,0.0
3709,7.0,4.113094115795554,0.0,0.0,1.0,1.0,mens_offer,0,0.0
3710,1.0,3.179305275517544,1.0,1.0,1.0,0.0,mens_offer,0,0.26
3711,8.0,4.931703693292658,0.0,0.0,0.0,0.0,womens_offer,1,0.0
3712,8.0,4.031744077524124,1.0,1.0,0.0,0.0,control,0,0.091
3713,7.0,4.176323783973771,0.0,0.0,1.0,0.0,control,1,0.0
3714,11.0,4.419045285609813,1.0,1.0,1.0,0.0,womens_offer,0,-0.04
3715,2.0,3.9991452531098135,0.0,0.0,0.0,1.0,womens_offer,0,0.0
3716,5.0,3.684585676863108,0.0,1.0,0.0,1.0,womens_offer,0,0.091
3717,12.0,4.43152332080807,0.0,1.0,0.0,0.0,control,0,0.091
3718,4.0,3.6617418864098537,1.0,1.0,0.0,0.0,mens_offer,1,0.091
3719,12.0,4.075938356113279,0.0,0.0,0.0,0.0,womens_offer,1,0.0
3720,1.0,3.431942223887106,1.0,0.0,0.0,0.0,control,0,0.0
3721,1.0,2.726595708126368,0.0,1.0,1.0,0.0,mens_offer,0,0.26
3722,3.0,3.4271619263379067,1.0,0.0,1.0,0.0,womens_offer,0,0.0
3723,12.0,3.582570340676775,0.0,1.0,0.0,1.0,womens_offer,0,0.091
3724,8.0,4.031238475804206,0.0,1.0,1.0,0.0,womens_offer,0,0.26
3725,7.0,5.072249203609459,0.0,0.0,0.0,0.0,mens_offer,0,0.0
3726,2.0,2.5599382989207378,1.0,0.0,0.0,0.0,control,0,0.0
3727,2.0,4.131917309172633,0.0,1.0,1.0,1.0,mens_offer,0,0.26
3728,11.0,2.13509452655586,1.0,1.0,1.0,1.0,womens_offer,0,-0.04
3729,10.0,3.1046018558420347,0.0,0.0,0.0,1.0,womens_offer,0,0.0
3730,1.0,3.5721380038887593,0.0,0.0,1.0,0.0,control,0,0.0
3731,6.0,2.1025138467627804,1.0,1.0,0.0,0.0,mens_offer,1,0.091
3732,7.0,2.4210737315439914,1.0,1.0,0.0,1.0,mens_offer,1,0.091
3733,9.0,4.154457123189835,1.0,1.0,0.0,0.0,mens_offer,0,-0.04
3734,1.0,4.086916808305824,1.0,0.0,0.0,0.0,control,0,0.0
3735,10.0,3.917677863477177,0.0,0.0,0.0,1.0,control,0,0.0
3736,7.0,3.3137075061553776,0.0,1.0,1.0,1.0,mens_offer,0,0.26
3737,7.0,5.941564670898943,1.0,1.0,0.0,1.0,womens_offer,0,0.0
3738,5.0,3.8758332533391098,1.0,0.0,0.0,0.0,mens_offer,0,0.0
3739,1.0,3.2631204995181013,0.0,0.0,1.0,1.0,mens_offer,0,0.0
3740,12.0,5.5145943398306185,1.0,0.0,1.0,0.0,womens_offer,1,0.0
3741,10.0,4.5633603196646275,0.0,1.0,1.0,1.0,mens_offer,0,0.26
3742,10.0,3.691406532615415,1.0,0.0,0.0,0.0,womens_offer,0,-0.04
3743,9.0,5.079656254007119,0.0,1.0,1.0,0.0,control,1,0.0
3744,6.0,4.1567822953796805,0.0,1.0,0.0,0.0,control,0,0.091
3745,11.0,4.589037974998584,1.0,1.0,0.0,1.0,control,0,-0.04
3746,2.0,4.2260418139934295,1.0,1.0,1.0,0.0,control,0,0.26
3747,4.0,3.1195975675976744,1.0,0.0,1.0,0.0,control,0,0.0
3748,6.0,4.881697211083724,0.0,1.0,0.0,0.0,mens_offer,0,0.0
3749,10.0,4.160140730644174,1.0,0.0,1.0,0.0,control,0,-0.04
3750,5.0,3.1359762687624264,0.0,1.0,0.0,0.0,womens_offer,0,0.091
3751,11.0,3.3491169908203346,1.0,0.0,0.0,0.0,control,0,-0.04
3752,4.0,4.867535869269923,1.0,0.0,0.0,1.0,control,1,0.0
3753,5.0,3.6927823775656243,0.0,1.0,1.0,0.0,control,0,0.26
3754,4.0,4.059200484446787,0.0,1.0,0.0,0.0,womens_offer,0,0.091
3755,5.0,4.599186307206933,0.0,1.0,0.0,0.0,control,1,0.091
3756,10.0,4.131682912489032,1.0,1.0,1.0,0.0,mens_offer,0,-0.04
3757,5.0,2.69591930220418,0.0,1.0,0.0,1.0,control,0,0.091
3758,6.0,4.5839351241442685,0.0,1.0,1.0,0.0,mens_offer,0,0.26
3759,1.0,4.852382552333764,1.0,0.0,1.0,0.0,control,0,0.0
3760,7.0,4.788339717318854,0.0,0.0,0.0,0.0,control,0,0.0
3761,3.0,5.459396094751755,1.0,1.0,0.0,0.0,control,0,0.0
3762,6.0,4.340960951240314,1.0,1.0,1.0,0.0,mens_offer,1,0.26
3763,4.0,4.708391773325142,1.0,0.0,0.0,0.0,womens_offer,0,0.0
3764,5.0,5.434740679319363,0.0,0.0,0.0,1.0,mens_offer,1,0.0
3765,2.0,3.761859717575528,1.0,1.0,1.0,0.0,mens_offer,0,0.26
3766,6.0,5.566568138811344,1.0,0.0,1.0,0.0,control,0,0.0
3767,10.0,5.565018516275916,1.0,0.0,0.0,0.0,mens_offer,1,0.0
3768,8.0,4.713791904970883,0.0,1.0,1.0,0.0,mens_offer,0,0.26
3769,6.0,5.659210209823789,0.0,1.0,1.0,0.0,womens_offer,1,0.0
3770,11.0,4.77521735294677,1.0,1.0,0.0,1.0,mens_offer,1,0.0
3771,7.0,3.2470331258917917,1.0,1.0,0.0,0.0,womens_offer,0,0.091
3772,8.0,5.030209408678122,0.0,1.0,0.0,0.0,control,1,0.0
3773,4.0,4.307319781353384,1.0,0.0,1.0,0.0,womens_offer,0,0.0
3774,9.0,4.384677176751177,1.0,0.0,0.0,1.0,womens_offer,0,-0.04
3775,5.0,4.154953869586347,0.0,1.0,0.0,1.0,mens_offer,0,0.091
3776,3.0,5.2290166242539975,1.0,0.0,0.0,1.0,mens_offer,0,0.0
3777,10.0,4.508207646945138,0.0,0.0,0.0,1.0,mens_offer,0,0.0
3778,7.0,3.4074655910018397,0.0,1.0,0.0,0.0,womens_offer,0,0.091
3779,6.0,4.448991765200619,1.0,1.0,0.0,1.0,womens_offer,0,0.091
3780,9.0,4.665797622525639,1.0,1.0,1.0,0.0,control,0,-0.04
3781,8.0,3.381559789371278,0.0,0.0,0.0,0.0,womens_offer,0,0.0
3782,10.0,3.6358742126232233,0.0,0.0,0.0,1.0,mens_offer,0,0.0
3783,6.0,3.680773131603202,0.0,1.0,0.0,1.0,mens_offer,0,0.091
3784,12.0,3.4845470198747144,0.0,1.0,0.0,0.0,mens_offer,0,0.091
3785,7.0,4.327205580345489,0.0,0.0,0.0,1.0,mens_offer,0,0.0
3786,6.0,4.923273099074723,1.0,1.0,1.0,0.0,control,1,0.0
3787,11.0,5.7064620889105,1.0,0.0,0.0,0.0,womens_offer,0,0.0
3788,12.0,5.081448348677307,0.0,0.0,1.0,0.0,womens_offer,0,0.0
3789,4.0,4.927150266856992,0.0,0.0,1.0,0.0,control,0,0.0
3790,3.0,5.035404080980844,0.0,1.0,1.0,0.0,womens_offer,0,0.0
3791,7.0,5.207248150602968,1.0,1.0,1.0,0.0,womens_offer,0,0.0
3792,1.0,3.686343401582168,0.0,1.0,0.0,0.0,womens_offer,0,0.091
3793,9.0,4.6340071213615825,1.0,1.0,0.0,1.0,control,0,-0.04
3794,9.0,4.303623715736253,0.0,1.0,0.0,0.0,mens_offer,0,0.091
3795,2.0,3.9039558298140196,1.0,1.0,0.0,1.0,control,0,0.091
3796,4.0,3.6177536951973863,1.0,0.0,0.0,1.0,womens_offer,0,0.0
3797,12.0,3.5737026573008364,1.0,1.0,0.0,0.0,womens_offer,0,-0.04
3798,3.0,3.7818527094425254,1.0,0.0,1.0,0.0,control,0,0.0
3799,6.0,2.942861502207102,0.0,0.0,0.0,0.0,womens_offer,0,0.0
3800,9.0,4.480928609200118,0.0,0.0,1.0,1.0,control,0,0.0
3801,3.0,3.998811219725113,1.0,0.0,1.0,0.0,womens_offer,0,0.0
3802,5.0,4.111933610985343,0.0,1.0,1.0,0.0,control,0,0.26
3803,10.0,4.318234113187093,1.0,0.0,0.0,0.0,control,0,-0.04
3804,6.0,4.661923024144572,0.0,1.0,0.0,0.0,control,1,0.091
3805,10.0,3.498140656867466,1.0,0.0,0.0,1.0,mens_offer,0,-0.04
3806,1.0,3.9243057490383797,0.0,0.0,1.0,1.0,control,0,0.0
3807,8.0,2.627361058554101,1.0,1.0,0.0,1.0,womens_offer,0,0.091
3808,5.0,2.1288021739516965,0.0,1.0,1.0,0.0,control,0,0.26
3809,11.0,2.3534239802672463,0.0,1.0,1.0,0.0,control,0,0.26
3810,6.0,5.387721606273271,1.0,1.0,0.0,1.0,mens_offer,0,0.0
3811,2.0,2.446807726749425,0.0,0.0,0.0,0.0,control,0,0.0
3812,11.0,4.436879765078683,0.0,0.0,1.0,0.0,mens_offer,1,0.0
3813,7.0,5.334332812852224,1.0,0.0,0.0,0.0,womens_offer,0,0.0
3814,1.0,3.6152855214342132,1.0,0.0,1.0,0.0,control,0,0.0
3815,9.0,5.471034513236356,0.0,0.0,0.0,0.0,womens_offer,1,0.0
3816,8.0,5.6660158987801115,0.0,0.0,1.0,0.0,mens_offer,0,0.0
3817,12.0,4.858596272559272,0.0,1.0,0.0,1.0,mens_offer,0,0.0
3818,9.0,6.137507230693127,0.0,1.0,1.0,0.0,mens_offer,1,0.0
3819,8.0,4.570862438216281,0.0,0.0,0.0,0.0,womens_offer,1,0.0
3820,3.0,3.3790460612842708,0.0,0.0,0.0,0.0,womens_offer,0,0.0
3821,8.0,4.483056798868007,0.0,0.0,1.0,1.0,control,0,0.0
3822,3.0,3.6302231572510033,0.0,1.0,0.0,0.0,mens_offer,0,0.091
3823,5.0,2.8874147757906092,1.0,0.0,0.0,1.0,womens_offer,0,0.0
3824,6.0,2.9108569433947573,1.0,1.0,1.0,1.0,womens_offer,0,0.26
3825,7.0,6.086782636114557,1.0,0.0,0.0,1.0,mens_offer,1,0.0
3826,3.0,3.5467089522712683,0.0,1.0,0.0,1.0,womens_offer,0,0.091
3827,7.0,4.001951397968193,0.0,1.0,0.0,0.0,womens_offer,1,0.091
3828,4.0,3.441269969812637,1.0,1.0,0.0,1.0,womens_offer,0,0.091
3829,11.0,4.1466052430780636,1.0,0.0,1.0,0.0,control,1,-0.04
3830,12.0,3.814997300817891,0.0,1.0,0.0,0.0,mens_offer,0,0.091
3831,10.0,3.664906879325376,0.0,0.0,1.0,1.0,mens_offer,0,0.0
3832,3.0,2.971032546512678,1.0,1.0,0.0,1.0,womens_offer,0,0.091
3833,9.0,2.800384249766944,1.0,1.0,0.0,0.0,womens_offer,0,-0.04
3834,12.0,3.3751174631265597,1.0,0.0,1.0,1.0,control,0,-0.04
3835,12.0,4.2877488557272105,0.0,0.0,1.0,1.0,control,0,0.0
3836,11.0,5.882648595288397,0.0,0.0,0.0,0.0,control,0,0.0
3837,1.0,4.9665304499330585,1.0,0.0,1.0,1.0,mens_offer,0,0.0
3838,2.0,5.656563650835392,0.0,1.0,0.0,0.0,mens_offer,0,0.0
3839,10.0,4.461057357992999,0.0,1.0,0.0,0.0,control,0,0.091
3840,4.0,3.954245458930508,0.0,0.0,1.0,1.0,mens_offer,0,0.0
3841,6.0,2.8791043956324196,0.0,0.0,0.0,1.0,control,0,0.0
3842,6.0,4.034176814132737,0.0,0.0,1.0,0.0,womens_offer,0,0.0
3843,10.0,2.2018122513112792,0.0,0.0,1.0,1.0,control,0,0.0
3844,9.0,3.768218631309248,1.0,1.0,0.0,1.0,mens_offer,0,-0.04
3845,4.0,5.484997561765744,1.0,0.0,0.0,0.0,control,1,0.0
3846,10.0,4.325373494258619,0.0,0.0,0.0,0.0,womens_offer,0,0.0
3847,6.0,5.038595244152883,1.0,1.0,1.0,1.0,womens_offer,0,0.0
3848,8.0,3.6982531773172855,1.0,0.0,1.0,0.0,control,0,0.0
3849,10.0,2.8391634419335077,1.0,1.0,1.0,1.0,mens_offer,0,-0.04
3850,4.0,3.6141151600402894,0.0,0.0,0.0,0.0,control,0,0.0
3851,1.0,3.686743119777899,1.0,0.0,0.0,0.0,womens_offer,0,0.0
3852,8.0,5.109856017022714,1.0,0.0,0.0,1.0,mens_offer,1,0.0
3853,4.0,5.80009074050605,1.0,0.0,0.0,0.0,mens_offer,1,0.0
3854,4.0,3.3875088084200624,1.0,0.0,0.0,1.0,control,0,0.0
3855,6.0,3.7212986769371508,0.0,0.0,0.0,0.0,control,0,0.0
3856,11.0,3.9096268483335055,1.0,0.0,0.0,1.0,control,0,-0.04
3857,11.0,3.730962314548814,1.0,0.0,1.0,1.0,control,0,-0.04
3858,9.0,2.954987828119092,1.0,0.0,1.0,0.0,womens_offer,0,-0.04
3859,4.0,4.121418608021737,0.0,0.0,1.0,1.0,womens_offer,1,0.0
3860,12.0,4.360447346238431,1.0,1.0,0.0,0.0,womens_offer,0,-0.04
3861,10.0,4.381876667379589,0.0,1.0,0.0,0.0,mens_offer,0,0.091
3862,1.0,2.9882282295957836,1.0,0.0,0.0,0.0,control,0,0.0
3863,3.0,3.9398333769927225,1.0,0.0,1.0,0.0,mens_offer,0,0.0
3864,2.0,2.5392329732291077,1.0,1.0,0.0,0.0,womens_offer,0,0.091
3865,4.0,4.853155387183147,1.0,1.0,0.0,1.0,womens_offer,0,0.0
3866,9.0,3.149597354270372,0.0,0.0,1.0,1.0,control,0,0.0
3867,7.0,3.799402627028288,0.0,0.0,1.0,1.0,control,0,0.0
3868,2.0,3.646427479211089,0.0,1.0,0.0,0.0,control,0,0.091
3869,8.0,3.5292156984206935,0.0,1.0,1.0,0.0,womens_offer,0,0.26
3870,8.0,3.1169766845800084,1.0,1.0,0.0,0.0,mens_offer,0,0.091
3871,11.0,2.518313465825182,0.0,1.0,1.0,0.0,mens_offer,0,0.26
3872,4.0,5.588792695630217,0.0,1.0,1.0,0.0,control,1,0.0
3873,11.0,4.269929921591277,1.0,1.0,0.0,0.0,control,0,-0.04
3874,8.0,4.278960423277646,0.0,0.0,1.0,0.0,mens_offer,0,0.0
3875,4.0,5.918061756998699,1.0,1.0,0.0,1.0,control,0,0.0
3876,4.0,3.9553493166092384,1.0,0.0,0.0,0.0,control,0,0.0
3877,9.0,4.534893175741188,0.0,0.0,1.0,0.0,control,0,0.0
3878,9.0,4.063194352167875,1.0,1.0,1.0,0.0,womens_offer,0,-0.04
3879,8.0,5.101853094638984,1.0,1.0,0.0,0.0,womens_offer,1,0.0
3880,5.0,4.490338144751621,1.0,0.0,1.0,0.0,control,0,0.0
3881,5.0,4.32397200394195,1.0,1.0,0.0,0.0,mens_offer,1,0.091
3882,7.0,3.8202453973263912,0.0,0.0,1.0,0.0,mens_offer,0,0.0
3883,10.0,4.293524995937296,0.0,1.0,0.0,0.0,womens_offer,0,0.091
3884,4.0,5.081826021157445,1.0,0.0,1.0,1.0,mens_offer,0,0.0
3885,11.0,2.2684649719865915,1.0,0.0,0.0,1.0,mens_offer,0,-0.04
3886,3.0,3.9321558483033994,1.0,1.0,0.0,1.0,control,0,0.091
3887,6.0,3.6781943373914556,0.0,0.0,0.0,0.0,mens_offer,0,0.0
3888,4.0,3.7815734912284498,1.0,1.0,0.0,1.0,control,0,0.091
3889,11.0,2.3507010571209133,1.0,0.0,0.0,1.0,womens_offer,0,-0.04
3890,3.0,4.696368133153769,0.0,0.0,0.0,0.0,control,1,0.0
3891,2.0,3.305516789615341,0.0,1.0,0.0,1.0,mens_offer,0,0.091
3892,9.0,3.846504854149103,0.0,1.0,0.0,0.0,mens_offer,0,0.091
3893,2.0,3.6034020746004978,1.0,0.0,1.0,0.0,control,0,0.0
3894,12.0,2.6032240328803313,0.0,0.0,0.0,0.0,control,0,0.0
3895,10.0,3.6540068462856947,1.0,0.0,0.0,0.0,womens_offer,0,-0.04
3896,11.0,2.46093821581587,0.0,0.0,0.0,0.0,womens_offer,0,0.0
3897,4.0,3.2218127128234,0.0,0.0,0.0,0.0,control,0,0.0
3898,9.0,3.7691429115596193,1.0,0.0,0.0,0.0,mens_offer,0,-0.04
3899,8.0,4.043065419217504,0.0,0.0,0.0,1.0,control,0,0.0
3900,6.0,4.096141202836124,1.0,1.0,0.0,1.0,control,0,0.091
3901,6.0,3.9256852815711154,1.0,0.0,0.0,1.0,womens_offer,0,0.0
3902,1.0,5.956203293390012,1.0,0.0,1.0,0.0,mens_offer,0,0.0
3903,2.0,4.433508328697689,0.0,1.0,1.0,0.0,mens_offer,1,0.26
3904,2.0,2.982238055622642,0.0,1.0,1.0,1.0,womens_offer,1,0.26
3905,10.0,3.5091511426578714,0.0,1.0,1.0,0.0,control,0,0.26
3906,4.0,3.469736795998334,1.0,1.0,0.0,0.0,control,0,0.091
3907,9.0,3.8907937332806206,0.0,1.0,0.0,1.0,control,0,0.091
3908,9.0,3.516918000102536,1.0,0.0,0.0,0.0,control,0,-0.04
3909,2.0,3.2976680019298015,1.0,1.0,0.0,0.0,mens_offer,0,0.091
3910,4.0,5.51808149880532,1.0,1.0,1.0,0.0,womens_offer,1,0.0
3911,4.0,4.086441699881048,1.0,1.0,0.0,1.0,womens_offer,0,0.091
3912,2.0,3.750306055338533,0.0,0.0,1.0,1.0,mens_offer,0,0.0
3913,10.0,3.824995063662011,0.0,0.0,0.0,0.0,control,0,0.0
3914,5.0,3.8562496673882,0.0,1.0,0.0,1.0,mens_offer,0,0.091
3915,11.0,5.288687848329149,0.0,1.0,0.0,0.0,mens_offer,1,0.0
3916,11.0,4.472213957498387,0.0,0.0,0.0,0.0,womens_offer,0,0.0
3917,11.0,5.047590411127589,1.0,1.0,0.0,0.0,womens_offer,1,0.0
3918,9.0,1.4818457781688978,1.0,0.0,0.0,0.0,mens_offer,0,-0.04
3919,7.0,4.33733023724744,1.0,1.0,0.0,0.0,mens_offer,0,0.091
3920,6.0,4.990881298346534,0.0,1.0,0.0,0.0,mens_offer,1,0.0
3921,5.0,5.809997514241247,0.0,0.0,0.0,0.0,mens_offer,1,0.0
3922,8.0,4.074682651206084,1.0,1.0,0.0,0.0,control,0,0.091
3923,6.0,2.5659692129557037,1.0,1.0,1.0,1.0,control,0,0.26
3924,11.0,4.571747133907479,1.0,0.0,0.0,1.0,control,0,-0.04
3925,3.0,3.522184681892683,1.0,0.0,1.0,0.0,control,0,0.0
3926,5.0,2.5040768355376866,0.0,1.0,1.0,0.0,mens_offer,0,0.26
3927,6.0,3.505189193163095,0.0,1.0,1.0,0.0,mens_offer,0,0.26
3928,4.0,4.988975629294117,0.0,0.0,0.0,1.0,control,0,0.0
3929,3.0,5.119510264897681,0.0,1.0,1.0,1.0,control,1,0.0
3930,7.0,4.690578101316761,0.0,1.0,0.0,0.0,control,0,0.091
3931,2.0,3.1333997131730618,1.0,1.0,0.0,0.0,womens_offer,0,0.091
3932,10.0,6.299433682742075,1.0,1.0,0.0,1.0,womens_offer,1,0.0
3933,5.0,3.0295708100595604,1.0,1.0,0.0,1.0,womens_offer,0,0.091
3934,10.0,3.981573928800108,1.0,0.0,1.0,1.0,control,0,-0.04
3935,1.0,2.795499964586388,1.0,1.0,0.0,0.0,control,0,0.091
3936,10.0,5.223997413582555,1.0,1.0,1.0,1.0,womens_offer,1,0.0
3937,6.0,4.4465048363161435,1.0,1.0,1.0,0.0,control,0,0.26
3938,11.0,4.84089795263383,1.0,1.0,0.0,0.0,womens_offer,0,0.0
3939,9.0,4.13133555525563,1.0,1.0,0.0,1.0,control,0,-0.04
3940,10.0,3.991391779504462,0.0,1.0,1.0,0.0,womens_offer,0,0.26
3941,8.0,4.206393829701229,0.0,0.0,1.0,1.0,womens_offer,0,0.0
3942,2.0,2.4275370928336146,1.0,0.0,0.0,0.0,mens_offer,0,0.0
3943,12.0,4.936784742929483,1.0,1.0,1.0,1.0,womens_offer,0,0.0
3944,5.0,4.864942092672561,0.0,1.0,1.0,1.0,womens_offer,1,0.0
3945,11.0,3.707087561389495,1.0,1.0,0.0,0.0,control,0,-0.04
3946,7.0,4.0421354824611795,1.0,1.0,0.0,0.0,mens_offer,0,0.091
3947,8.0,4.319054101123591,0.0,1.0,1.0,1.0,mens_offer,0,0.26
3948,3.0,5.453663332476605,1.0,1.0,1.0,1.0,control,0,0.0
3949,11.0,4.4371546718115855,0.0,1.0,1.0,0.0,control,0,0.26
3950,10.0,4.091946376829736,1.0,1.0,1.0,0.0,womens_offer,0,-0.04
3951,6.0,3.606507772593105,1.0,1.0,1.0,0.0,womens_offer,0,0.26
3952,6.0,2.7503707195734703,0.0,0.0,1.0,0.0,mens_offer,0,0.0
3953,10.0,3.530850530574031,0.0,1.0,0.0,1.0,control,0,0.091
3954,2.0,4.118762806106873,1.0,0.0,0.0,1.0,control,0,0.0
3955,4.0,3.8333217967992423,0.0,0.0,0.0,1.0,control,0,0.0
3956,2.0,4.1231027648967205,1.0,0.0,0.0,0.0,control,0,0.0
3957,7.0,4.718895060636526,1.0,1.0,0.0,1.0,control,0,0.091
3958,5.0,4.443084442936634,1.0,0.0,0.0,0.0,mens_offer,0,0.0
3959,12.0,4.301115276933377,0.0,1.0,1.0,0.0,womens_offer,1,0.26
3960,11.0,4.640356417363795,1.0,0.0,1.0,1.0,womens_offer,0,-0.04
3961,8.0,4.2227636863997295,1.0,1.0,1.0,1.0,control,0,0.26
3962,10.0,4.030676224794686,1.0,0.0,0.0,1.0,control,0,-0.04
3963,7.0,4.474998128358598,1.0,1.0,1.0,0.0,mens_offer,0,0.26
3964,6.0,2.566020644503599,0.0,1.0,0.0,0.0,control,0,0.091
3965,10.0,5.17446657623612,0.0,0.0,1.0,0.0,control,1,0.0
3966,5.0,2.9358444038418288,1.0,1.0,0.0,1.0,control,0,0.091
3967,4.0,4.803394482955201,0.0,0.0,1.0,0.0,womens_offer,0,0.0
3968,2.0,4.070997940246464,1.0,1.0,0.0,1.0,mens_offer,1,0.091
3969,10.0,5.046217055532477,1.0,1.0,0.0,0.0,mens_offer,1,0.0
3970,10.0,4.091418593926316,1.0,0.0,0.0,0.0,control,0,-0.04
3971,1.0,3.2335570144862364,1.0,0.0,0.0,0.0,control,0,0.0
3972,11.0,5.016194254574794,0.0,0.0,0.0,0.0,mens_offer,0,0.0
3973,3.0,4.224689473132416,1.0,1.0,0.0,0.0,mens_offer,1,0.091
3974,11.0,4.166391633455739,0.0,0.0,1.0,0.0,mens_offer,0,0.0
3975,3.0,4.1335429051211925,0.0,1.0,0.0,0.0,mens_offer,1,0.091
3976,2.0,4.9529040176003765,0.0,1.0,1.0,0.0,mens_offer,0,0.0
3977,4.0,4.7892666697357145,0.0,0.0,0.0,0.0,control,0,0.0
3978,12.0,4.266588157561347,0.0,1.0,1.0,0.0,mens_offer,0,0.26
3979,12.0,2.718050312228565,1.0,1.0,1.0,1.0,womens_offer,0,-0.04
3980,8.0,3.70704298446905,0.0,1.0,0.0,0.0,womens_offer,0,0.091
3981,1.0,4.157048298328233,0.0,1.0,1.0,0.0,womens_offer,1,0.26
3982,8.0,5.665382090654275,1.0,0.0,0.0,0.0,mens_offer,0,0.0
3983,4.0,4.405075858537666,0.0,1.0,0.0,0.0,womens_offer,1,0.091
3984,9.0,3.9830253380635656,0.0,0.0,1.0,0.0,control,0,0.0
3985,7.0,5.129640203285375,1.0,1.0,0.0,0.0,mens_offer,1,0.0
3986,11.0,3.9664344523419834,1.0,0.0,1.0,1.0,control,0,-0.04
3987,9.0,4.040331883585711,1.0,1.0,0.0,0.0,mens_offer,0,-0.04
3988,4.0,4.204422677844538,1.0,1.0,1.0,0.0,mens_offer,0,0.26
3989,10.0,2.7651338918579267,0.0,1.0,0.0,0.0,control,0,0.091
3990,3.0,4.917444547889296,0.0,1.0,0.0,1.0,control,0,0.0
3991,5.0,4.443551939821178,1.0,0.0,1.0,1.0,womens_offer,0,0.0
3992,3.0,3.8166164831385965,1.0,0.0,1.0,0.0,control,0,0.0
3993,3.0,3.0684879983514235,1.0,0.0,0.0,1.0,mens_offer,1,0.0
3994,5.0,4.25557750358311,1.0,1.0,0.0,0.0,control,1,0.091
3995,11.0,5.314137967854659,1.0,0.0,1.0,1.0,control,0,0.0
3996,6.0,3.502813808373405,1.0,1.0,0.0,0.0,control,0,0.091
3997,2.0,3.138334448386126,1.0,1.0,0.0,0.0,control,0,0.091
3998,10.0,4.439589369821172,0.0,0.0,0.0,0.0,control,1,0.0
3999,1.0,2.6836682537228,0.0,1.0,0.0,0.0,womens_offer,0,0.091
